UID,EVENT
user_1,VIEW
user_2,VIEW
user_2,PURCHASE
user_2,REFUND
user_3,VIEW
user_5,VIEW
user_6,VIEW
user_7,VIEW
user_8,VIEW
user_11,VIEW
user_12,VIEW
user_13,VIEW
user_13,PURCHASE
user_13,REFUND
user_14,VIEW
user_16,VIEW
user_17,VIEW
user_20,VIEW
user_21,VIEW
user_22,VIEW
user_22,PURCHASE
user_23,VIEW
user_24,VIEW
user_25,VIEW
user_25,PURCHASE
user_25,REFUND
user_26,VIEW
user_27,VIEW
user_28,VIEW
user_29,VIEW
user_30,VIEW
user_31,VIEW
user_31,PURCHASE
user_32,VIEW
user_33,VIEW
user_34,VIEW
user_35,VIEW
user_37,VIEW
user_38,VIEW
user_39,VIEW
user_40,VIEW
user_42,VIEW
user_43,VIEW
user_44,VIEW
user_45,VIEW
user_46,VIEW
user_47,VIEW
user_48,VIEW
user_49,VIEW
user_49,PURCHASE
user_49,REFUND
user_50,VIEW
user_51,VIEW
user_52,VIEW
user_53,VIEW
user_55,VIEW
user_56,VIEW
user_57,VIEW
user_58,VIEW
user_59,VIEW
user_61,VIEW
user_62,VIEW
user_63,VIEW
user_63,PURCHASE
user_63,REFUND
user_65,VIEW
user_66,VIEW
user_67,VIEW
user_68,VIEW
user_70,VIEW
user_71,VIEW
user_72,VIEW
user_74,VIEW
user_75,VIEW
user_76,VIEW
user_80,VIEW
user_81,VIEW
user_82,VIEW
user_83,VIEW
user_84,VIEW
user_85,VIEW
user_87,VIEW
user_87,PURCHASE
user_87,REFUND
user_88,VIEW
user_89,VIEW
user_90,VIEW
user_92,VIEW
user_93,VIEW
user_94,VIEW
user_94,PURCHASE
user_94,REFUND
user_95,VIEW
user_96,VIEW
user_97,VIEW
user_98,VIEW
user_98,PURCHASE
user_98,REFUND
user_101,VIEW
user_102,VIEW
user_103,VIEW
user_104,VIEW
user_105,VIEW
user_106,VIEW
user_108,VIEW
user_109,VIEW
user_110,VIEW
user_111,VIEW
user_112,VIEW
user_114,VIEW
user_115,VIEW
user_116,VIEW
user_118,VIEW
user_119,VIEW
user_120,VIEW
user_122,VIEW
user_123,VIEW
user_124,VIEW
user_125,VIEW
user_126,VIEW
user_127,VIEW
user_128,VIEW
user_129,VIEW
user_130,VIEW
user_132,VIEW
user_133,VIEW
user_133,PURCHASE
user_133,REFUND
user_134,VIEW
user_134,PURCHASE
user_134,REFUND
user_135,VIEW
user_137,VIEW
user_137,PURCHASE
user_137,REFUND
user_138,VIEW
user_139,VIEW
user_140,VIEW
user_141,VIEW
user_142,VIEW
user_143,VIEW
user_144,VIEW
user_145,VIEW
user_145,PURCHASE
user_146,VIEW
user_147,VIEW
user_148,VIEW
user_149,VIEW
user_150,VIEW
user_151,VIEW
user_153,VIEW
user_154,VIEW
user_154,PURCHASE
user_154,REFUND
user_155,VIEW
user_156,VIEW
user_156,PURCHASE
user_157,VIEW
user_158,VIEW
user_159,VIEW
user_160,VIEW
user_162,VIEW
user_163,VIEW
user_166,VIEW
user_169,VIEW
user_170,VIEW
user_171,VIEW
user_172,VIEW
user_174,VIEW
user_175,VIEW
user_176,VIEW
user_176,PURCHASE
user_176,REFUND
user_177,VIEW
user_178,VIEW
user_179,VIEW
user_182,VIEW
user_182,PURCHASE
user_182,REFUND
user_183,VIEW
user_185,VIEW
user_187,VIEW
user_188,VIEW
user_188,PURCHASE
user_189,VIEW
user_190,VIEW
user_192,VIEW
user_194,VIEW
user_195,VIEW
user_196,VIEW
user_199,VIEW
user_200,VIEW
user_200,PURCHASE
user_200,REFUND
user_202,VIEW
user_203,VIEW
user_204,VIEW
user_205,VIEW
user_206,VIEW
user_208,VIEW
user_209,VIEW
user_210,VIEW
user_210,PURCHASE
user_210,REFUND
user_211,VIEW
user_211,PURCHASE
user_212,VIEW
user_212,PURCHASE
user_212,REFUND
user_213,VIEW
user_215,VIEW
user_216,VIEW
user_217,VIEW
user_218,VIEW
user_219,VIEW
user_220,VIEW
user_221,VIEW
user_222,VIEW
user_223,VIEW
user_223,PURCHASE
user_223,REFUND
user_224,VIEW
user_225,VIEW
user_226,VIEW
user_228,VIEW
user_229,VIEW
user_230,VIEW
user_232,VIEW
user_233,VIEW
user_234,VIEW
user_236,VIEW
user_238,VIEW
user_239,VIEW
user_240,VIEW
user_241,VIEW
user_241,PURCHASE
user_241,REFUND
user_243,VIEW
user_244,VIEW
user_245,VIEW
user_247,VIEW
user_248,VIEW
user_249,VIEW
user_250,VIEW
user_251,VIEW
user_252,VIEW
user_253,VIEW
user_254,VIEW
user_256,VIEW
user_257,VIEW
user_258,VIEW
user_259,VIEW
user_259,PURCHASE
user_259,REFUND
user_260,VIEW
user_262,VIEW
user_264,VIEW
user_265,VIEW
user_266,VIEW
user_266,PURCHASE
user_266,REFUND
user_267,VIEW
user_270,VIEW
user_270,PURCHASE
user_270,REFUND
user_271,VIEW
user_272,VIEW
user_273,VIEW
user_274,VIEW
user_274,PURCHASE
user_275,VIEW
user_276,VIEW
user_279,VIEW
user_280,VIEW
user_281,VIEW
user_282,VIEW
user_284,VIEW
user_285,VIEW
user_285,PURCHASE
user_285,REFUND
user_286,VIEW
user_288,VIEW
user_289,VIEW
user_290,VIEW
user_291,VIEW
user_294,VIEW
user_295,VIEW
user_296,VIEW
user_298,VIEW
user_299,VIEW
user_300,VIEW
user_301,VIEW
user_302,VIEW
user_303,VIEW
user_304,VIEW
user_305,VIEW
user_307,VIEW
user_307,PURCHASE
user_307,REFUND
user_308,VIEW
user_309,VIEW
user_310,VIEW
user_311,VIEW
user_312,VIEW
user_313,VIEW
user_313,PURCHASE
user_313,REFUND
user_314,VIEW
user_315,VIEW
user_315,PURCHASE
user_315,REFUND
user_316,VIEW
user_317,VIEW
user_318,VIEW
user_318,PURCHASE
user_318,REFUND
user_319,VIEW
user_321,VIEW
user_321,PURCHASE
user_321,REFUND
user_322,VIEW
user_322,PURCHASE
user_322,REFUND
user_323,VIEW
user_324,VIEW
user_325,VIEW
user_326,VIEW
user_327,VIEW
user_328,VIEW
user_329,VIEW
user_331,VIEW
user_332,VIEW
user_333,VIEW
user_334,VIEW
user_336,VIEW
user_337,VIEW
user_337,PURCHASE
user_337,REFUND
user_338,VIEW
user_339,VIEW
user_340,VIEW
user_341,VIEW
user_342,VIEW
user_343,VIEW
user_344,VIEW
user_345,VIEW
user_347,VIEW
user_348,VIEW
user_349,VIEW
user_349,PURCHASE
user_349,REFUND
user_350,VIEW
user_352,VIEW
user_353,VIEW
user_354,VIEW
user_355,VIEW
user_356,VIEW
user_357,VIEW
user_358,VIEW
user_359,VIEW
user_360,VIEW
user_361,VIEW
user_361,PURCHASE
user_361,REFUND
user_362,VIEW
user_363,VIEW
user_365,VIEW
user_366,VIEW
user_367,VIEW
user_368,VIEW
user_369,VIEW
user_370,VIEW
user_371,VIEW
user_374,VIEW
user_375,VIEW
user_376,VIEW
user_377,VIEW
user_379,VIEW
user_380,VIEW
user_380,PURCHASE
user_380,REFUND
user_382,VIEW
user_384,VIEW
user_385,VIEW
user_386,VIEW
user_387,VIEW
user_389,VIEW
user_391,VIEW
user_392,VIEW
user_393,VIEW
user_395,VIEW
user_395,PURCHASE
user_395,REFUND
user_396,VIEW
user_398,VIEW
user_399,VIEW
user_400,VIEW
user_401,VIEW
user_403,VIEW
user_404,VIEW
user_406,VIEW
user_407,VIEW
user_407,PURCHASE
user_407,REFUND
user_408,VIEW
user_411,VIEW
user_412,VIEW
user_413,VIEW
user_415,VIEW
user_416,VIEW
user_417,VIEW
user_418,VIEW
user_419,VIEW
user_419,PURCHASE
user_419,REFUND
user_420,VIEW
user_421,VIEW
user_421,PURCHASE
user_422,VIEW
user_423,VIEW
user_425,VIEW
user_425,PURCHASE
user_425,REFUND
user_426,VIEW
user_427,VIEW
user_428,VIEW
user_429,VIEW
user_429,PURCHASE
user_429,REFUND
user_430,VIEW
user_432,VIEW
user_433,VIEW
user_434,VIEW
user_435,VIEW
user_436,VIEW
user_438,VIEW
user_439,VIEW
user_439,PURCHASE
user_440,VIEW
user_440,PURCHASE
user_440,REFUND
user_441,VIEW
user_442,VIEW
user_443,VIEW
user_445,VIEW
user_446,VIEW
user_447,VIEW
user_448,VIEW
user_449,VIEW
user_452,VIEW
user_453,VIEW
user_453,PURCHASE
user_453,REFUND
user_454,VIEW
user_455,VIEW
user_456,VIEW
user_457,VIEW
user_459,VIEW
user_460,VIEW
user_461,VIEW
user_462,VIEW
user_462,PURCHASE
user_462,REFUND
user_463,VIEW
user_464,VIEW
user_464,PURCHASE
user_464,REFUND
user_465,VIEW
user_466,VIEW
user_467,VIEW
user_469,VIEW
user_470,VIEW
user_471,VIEW
user_472,VIEW
user_473,VIEW
user_474,VIEW
user_475,VIEW
user_475,PURCHASE
user_475,REFUND
user_476,VIEW
user_477,VIEW
user_477,PURCHASE
user_477,REFUND
user_478,VIEW
user_479,VIEW
user_480,VIEW
user_480,PURCHASE
user_480,REFUND
user_481,VIEW
user_482,VIEW
user_483,VIEW
user_485,VIEW
user_485,PURCHASE
user_485,REFUND
user_486,VIEW
user_487,VIEW
user_488,VIEW
user_489,VIEW
user_490,VIEW
user_491,VIEW
user_492,VIEW
user_493,VIEW
user_494,VIEW
user_495,VIEW
user_495,PURCHASE
user_495,REFUND
user_496,VIEW
user_499,VIEW
user_500,VIEW
user_502,VIEW
user_503,VIEW
user_504,VIEW
user_505,VIEW
user_505,PURCHASE
user_506,VIEW
user_507,VIEW
user_508,VIEW
user_509,VIEW
user_510,VIEW
user_511,VIEW
user_513,VIEW
user_514,VIEW
user_517,VIEW
user_519,VIEW
user_522,VIEW
user_523,VIEW
user_524,VIEW
user_524,PURCHASE
user_524,REFUND
user_526,VIEW
user_527,VIEW
user_527,PURCHASE
user_527,REFUND
user_528,VIEW
user_529,VIEW
user_530,VIEW
user_531,VIEW
user_532,VIEW
user_533,VIEW
user_534,VIEW
user_535,VIEW
user_536,VIEW
user_538,VIEW
user_539,VIEW
user_540,VIEW
user_541,VIEW
user_542,VIEW
user_544,VIEW
user_545,VIEW
user_546,VIEW
user_547,VIEW
user_549,VIEW
user_550,VIEW
user_551,VIEW
user_552,VIEW
user_553,VIEW
user_554,VIEW
user_555,VIEW
user_556,VIEW
user_556,PURCHASE
user_556,REFUND
user_557,VIEW
user_558,VIEW
user_559,VIEW
user_560,VIEW
user_561,VIEW
user_562,VIEW
user_563,VIEW
user_564,VIEW
user_565,VIEW
user_567,VIEW
user_568,VIEW
user_569,VIEW
user_570,VIEW
user_571,VIEW
user_572,VIEW
user_572,PURCHASE
user_573,VIEW
user_574,VIEW
user_574,PURCHASE
user_574,REFUND
user_575,VIEW
user_576,VIEW
user_577,VIEW
user_579,VIEW
user_580,VIEW
user_580,PURCHASE
user_581,VIEW
user_582,VIEW
user_582,PURCHASE
user_584,VIEW
user_585,VIEW
user_586,VIEW
user_586,PURCHASE
user_587,VIEW
user_589,VIEW
user_591,VIEW
user_592,VIEW
user_593,VIEW
user_593,PURCHASE
user_593,REFUND
user_594,VIEW
user_594,PURCHASE
user_595,VIEW
user_596,VIEW
user_597,VIEW
user_598,VIEW
user_598,PURCHASE
user_599,VIEW
user_599,PURCHASE
user_600,VIEW
user_602,VIEW
user_602,PURCHASE
user_603,VIEW
user_603,PURCHASE
user_603,REFUND
user_606,VIEW
user_607,VIEW
user_608,VIEW
user_608,PURCHASE
user_608,REFUND
user_609,VIEW
user_610,VIEW
user_611,VIEW
user_611,PURCHASE
user_611,REFUND
user_612,VIEW
user_613,VIEW
user_613,PURCHASE
user_613,REFUND
user_614,VIEW
user_614,PURCHASE
user_614,REFUND
user_615,VIEW
user_616,VIEW
user_616,PURCHASE
user_617,VIEW
user_617,PURCHASE
user_617,REFUND
user_621,VIEW
user_623,VIEW
user_624,VIEW
user_625,VIEW
user_626,VIEW
user_627,VIEW
user_628,VIEW
user_629,VIEW
user_629,PURCHASE
user_633,VIEW
user_634,VIEW
user_637,VIEW
user_638,VIEW
user_639,VIEW
user_640,VIEW
user_641,VIEW
user_641,PURCHASE
user_641,REFUND
user_642,VIEW
user_643,VIEW
user_644,VIEW
user_645,VIEW
user_646,VIEW
user_647,VIEW
user_648,VIEW
user_649,VIEW
user_650,VIEW
user_651,VIEW
user_651,PURCHASE
user_651,REFUND
user_652,VIEW
user_653,VIEW
user_656,VIEW
user_658,VIEW
user_661,VIEW
user_662,VIEW
user_662,PURCHASE
user_662,REFUND
user_663,VIEW
user_664,VIEW
user_665,VIEW
user_666,VIEW
user_670,VIEW
user_671,VIEW
user_672,VIEW
user_673,VIEW
user_674,VIEW
user_674,PURCHASE
user_674,REFUND
user_675,VIEW
user_676,VIEW
user_677,VIEW
user_678,VIEW
user_679,VIEW
user_679,PURCHASE
user_679,REFUND
user_680,VIEW
user_680,PURCHASE
user_682,VIEW
user_685,VIEW
user_685,PURCHASE
user_685,REFUND
user_686,VIEW
user_687,VIEW
user_687,PURCHASE
user_687,REFUND
user_688,VIEW
user_689,VIEW
user_690,VIEW
user_692,VIEW
user_693,VIEW
user_694,VIEW
user_695,VIEW
user_696,VIEW
user_696,PURCHASE
user_696,REFUND
user_697,VIEW
user_698,VIEW
user_699,VIEW
user_701,VIEW
user_703,VIEW
user_704,VIEW
user_704,PURCHASE
user_704,REFUND
user_705,VIEW
user_706,VIEW
user_707,VIEW
user_709,VIEW
user_710,VIEW
user_711,VIEW
user_711,PURCHASE
user_711,REFUND
user_713,VIEW
user_714,VIEW
user_715,VIEW
user_716,VIEW
user_717,VIEW
user_718,VIEW
user_718,PURCHASE
user_718,REFUND
user_719,VIEW
user_720,VIEW
user_720,PURCHASE
user_720,REFUND
user_724,VIEW
user_724,PURCHASE
user_724,REFUND
user_725,VIEW
user_727,VIEW
user_728,VIEW
user_728,PURCHASE
user_728,REFUND
user_729,VIEW
user_730,VIEW
user_731,VIEW
user_732,VIEW
user_733,VIEW
user_737,VIEW
user_738,VIEW
user_739,VIEW
user_740,VIEW
user_741,VIEW
user_742,VIEW
user_743,VIEW
user_744,VIEW
user_745,VIEW
user_746,VIEW
user_747,VIEW
user_748,VIEW
user_748,PURCHASE
user_748,REFUND
user_749,VIEW
user_749,PURCHASE
user_752,VIEW
user_753,VIEW
user_754,VIEW
user_755,VIEW
user_756,VIEW
user_757,VIEW
user_758,VIEW
user_759,VIEW
user_760,VIEW
user_761,VIEW
user_762,VIEW
user_762,PURCHASE
user_762,REFUND
user_763,VIEW
user_764,VIEW
user_765,VIEW
user_765,PURCHASE
user_765,REFUND
user_766,VIEW
user_767,VIEW
user_767,PURCHASE
user_767,REFUND
user_768,VIEW
user_770,VIEW
user_771,VIEW
user_772,VIEW
user_773,VIEW
user_774,VIEW
user_776,VIEW
user_776,PURCHASE
user_776,REFUND
user_777,VIEW
user_778,VIEW
user_779,VIEW
user_780,VIEW
user_781,VIEW
user_782,VIEW
user_783,VIEW
user_784,VIEW
user_785,VIEW
user_786,VIEW
user_787,VIEW
user_788,VIEW
user_790,VIEW
user_791,VIEW
user_792,VIEW
user_792,PURCHASE
user_793,VIEW
user_794,VIEW
user_795,VIEW
user_795,PURCHASE
user_795,REFUND
user_798,VIEW
user_798,PURCHASE
user_798,REFUND
user_799,VIEW
user_800,VIEW
user_801,VIEW
user_803,VIEW
user_803,PURCHASE
user_803,REFUND
user_805,VIEW
user_810,VIEW
user_810,PURCHASE
user_812,VIEW
user_816,VIEW
user_816,PURCHASE
user_816,REFUND
user_817,VIEW
user_818,VIEW
user_819,VIEW
user_820,VIEW
user_821,VIEW
user_822,VIEW
user_824,VIEW
user_825,VIEW
user_826,VIEW
user_827,VIEW
user_828,VIEW
user_829,VIEW
user_830,VIEW
user_833,VIEW
user_835,VIEW
user_836,VIEW
user_836,PURCHASE
user_837,VIEW
user_838,VIEW
user_842,VIEW
user_843,VIEW
user_844,VIEW
user_845,VIEW
user_847,VIEW
user_848,VIEW
user_850,VIEW
user_851,VIEW
user_853,VIEW
user_854,VIEW
user_857,VIEW
user_857,PURCHASE
user_861,VIEW
user_864,VIEW
user_865,VIEW
user_866,VIEW
user_867,VIEW
user_868,VIEW
user_869,VIEW
user_872,VIEW
user_873,VIEW
user_876,VIEW
user_877,VIEW
user_878,VIEW
user_881,VIEW
user_882,VIEW
user_883,VIEW
user_885,VIEW
user_885,PURCHASE
user_886,VIEW
user_887,VIEW
user_887,PURCHASE
user_889,VIEW
user_890,VIEW
user_890,PURCHASE
user_891,VIEW
user_891,PURCHASE
user_892,VIEW
user_893,VIEW
user_893,PURCHASE
user_894,VIEW
user_895,VIEW
user_901,VIEW
user_903,VIEW
user_904,VIEW
user_905,VIEW
user_906,VIEW
user_909,VIEW
user_910,VIEW
user_911,VIEW
user_912,VIEW
user_915,VIEW
user_916,VIEW
user_918,VIEW
user_919,VIEW
user_921,VIEW
user_922,VIEW
user_922,PURCHASE
user_926,VIEW
user_928,VIEW
user_929,VIEW
user_930,VIEW
user_930,PURCHASE
user_931,VIEW
user_932,VIEW
user_934,VIEW
user_935,VIEW
user_936,VIEW
user_937,VIEW
user_938,VIEW
user_939,VIEW
user_940,VIEW
user_942,VIEW
user_944,VIEW
user_945,VIEW
user_946,VIEW
user_949,VIEW
user_950,VIEW
user_950,PURCHASE
user_951,VIEW
user_952,VIEW
user_957,VIEW
user_959,VIEW
user_961,VIEW
user_966,VIEW
user_969,VIEW
user_971,VIEW
user_972,VIEW
user_974,VIEW
user_976,VIEW
user_977,VIEW
user_982,VIEW
user_983,VIEW
user_984,VIEW
user_985,VIEW
user_986,VIEW
user_986,PURCHASE
user_989,VIEW
user_992,VIEW
user_993,VIEW
user_995,VIEW
user_996,VIEW
user_997,VIEW
user_998,VIEW
user_1001,VIEW
user_1003,VIEW
user_1004,VIEW
user_1006,VIEW
user_1007,VIEW
user_1008,VIEW
user_1012,VIEW
user_1013,VIEW
user_1014,VIEW
user_1017,VIEW
user_1025,VIEW
user_1025,PURCHASE
user_1026,VIEW
user_1028,VIEW
user_1030,VIEW
user_1031,VIEW
user_1032,VIEW
user_1033,VIEW
user_1034,VIEW
user_1035,VIEW
user_1036,VIEW
user_1036,PURCHASE
user_1036,REFUND
user_1038,VIEW
user_1039,VIEW
user_1040,VIEW
user_1042,VIEW
user_1043,VIEW
user_1047,VIEW
user_1049,VIEW
user_1051,VIEW
user_1051,PURCHASE
user_1052,VIEW
user_1053,VIEW
user_1053,PURCHASE
user_1055,VIEW
user_1056,VIEW
user_1056,PURCHASE
user_1057,VIEW
user_1057,PURCHASE
user_1058,VIEW
user_1060,VIEW
user_1061,VIEW
user_1062,VIEW
user_1063,VIEW
user_1063,PURCHASE
user_1064,VIEW
user_1065,VIEW
user_1066,VIEW
user_1067,VIEW
user_1069,VIEW
user_1071,VIEW
user_1073,VIEW
user_1074,VIEW
user_1075,VIEW
user_1078,VIEW
user_1079,VIEW
user_1082,VIEW
user_1083,VIEW
user_1084,VIEW
user_1085,VIEW
user_1086,VIEW
user_1088,VIEW
user_1089,VIEW
user_1090,VIEW
user_1091,VIEW
user_1091,PURCHASE
user_1092,VIEW
user_1093,VIEW
user_1093,PURCHASE
user_1094,VIEW
user_1094,PURCHASE
user_1096,VIEW
user_1097,VIEW
user_1098,VIEW
user_1098,PURCHASE
user_1099,VIEW
user_1101,VIEW
user_1102,VIEW
user_1104,VIEW
user_1105,VIEW
user_1106,VIEW
user_1108,VIEW
user_1109,VIEW
user_1111,VIEW
user_1114,VIEW
user_1115,VIEW
user_1116,VIEW
user_1121,VIEW
user_1122,VIEW
user_1124,VIEW
user_1125,VIEW
user_1126,VIEW
user_1127,VIEW
user_1128,VIEW
user_1130,VIEW
user_1131,VIEW
user_1132,VIEW
user_1133,VIEW
user_1137,VIEW
user_1142,VIEW
user_1143,VIEW
user_1145,VIEW
user_1147,VIEW
user_1149,VIEW
user_1151,VIEW
user_1152,VIEW
user_1153,VIEW
user_1155,VIEW
user_1156,VIEW
user_1158,VIEW
user_1164,VIEW
user_1165,VIEW
user_1166,VIEW
user_1168,VIEW
user_1170,VIEW
user_1171,VIEW
user_1172,VIEW
user_1172,PURCHASE
user_1174,VIEW
user_1174,PURCHASE
user_1175,VIEW
user_1176,VIEW
user_1178,VIEW
user_1180,VIEW
user_1183,VIEW
user_1184,VIEW
user_1184,PURCHASE
user_1185,VIEW
user_1186,VIEW
user_1186,PURCHASE
user_1187,VIEW
user_1188,VIEW
user_1189,VIEW
user_1190,VIEW
user_1191,VIEW
user_1192,VIEW
user_1193,VIEW
user_1196,VIEW
user_1199,VIEW
user_1208,VIEW
user_1209,VIEW
user_1210,VIEW
user_1211,VIEW
user_1212,VIEW
user_1213,VIEW
user_1214,VIEW
user_1216,VIEW
user_1217,VIEW
user_1218,VIEW
user_1221,VIEW
user_1223,VIEW
user_1224,VIEW
user_1226,VIEW
user_1228,VIEW
user_1229,VIEW
user_1232,VIEW
user_1233,VIEW
user_1236,VIEW
user_1236,PURCHASE
user_1238,VIEW
user_1238,PURCHASE
user_1238,REFUND
user_1239,VIEW
user_1240,VIEW
user_1241,VIEW
user_1243,VIEW
user_1245,VIEW
user_1245,PURCHASE
user_1245,REFUND
user_1248,VIEW
user_1249,VIEW
user_1250,VIEW
user_1253,VIEW
user_1254,VIEW
user_1256,VIEW
user_1257,VIEW
user_1257,PURCHASE
user_1259,VIEW
user_1261,VIEW
user_1267,VIEW
user_1270,VIEW
user_1273,VIEW
user_1274,VIEW
user_1277,VIEW
user_1280,VIEW
user_1282,VIEW
user_1283,VIEW
user_1283,PURCHASE
user_1286,VIEW
user_1290,VIEW
user_1291,VIEW
user_1291,PURCHASE
user_1294,VIEW
user_1296,VIEW
user_1297,VIEW
user_1303,VIEW
user_1304,VIEW
user_1304,PURCHASE
user_1305,VIEW
user_1306,VIEW
user_1308,VIEW
user_1309,VIEW
user_1310,VIEW
user_1316,VIEW
user_1322,VIEW
user_1324,VIEW
user_1326,VIEW
user_1327,VIEW
user_1328,VIEW
user_1329,VIEW
user_1330,VIEW
user_1333,VIEW
user_1334,VIEW
user_1337,VIEW
user_1338,VIEW
user_1340,VIEW
user_1341,VIEW
user_1343,VIEW
user_1345,VIEW
user_1346,VIEW
user_1354,VIEW
user_1354,PURCHASE
user_1355,VIEW
user_1356,VIEW
user_1357,VIEW
user_1359,VIEW
user_1360,VIEW
user_1361,VIEW
user_1363,VIEW
user_1364,VIEW
user_1365,VIEW
user_1368,VIEW
user_1369,VIEW
user_1371,VIEW
user_1372,VIEW
user_1374,VIEW
user_1375,VIEW
user_1384,VIEW
user_1385,VIEW
user_1387,VIEW
user_1388,VIEW
user_1390,VIEW
user_1391,VIEW
user_1392,VIEW
user_1395,VIEW
user_1396,VIEW
user_1397,VIEW
user_1398,VIEW
user_1401,VIEW
user_1405,VIEW
user_1410,VIEW
user_1411,VIEW
user_1411,PURCHASE
user_1411,REFUND
user_1415,VIEW
user_1416,VIEW
user_1417,VIEW
user_1421,VIEW
user_1424,VIEW
user_1426,VIEW
user_1427,VIEW
user_1429,VIEW
user_1431,VIEW
user_1432,VIEW
user_1433,VIEW
user_1434,VIEW
user_1435,VIEW
user_1436,VIEW
user_1436,PURCHASE
user_1440,VIEW
user_1440,PURCHASE
user_1443,VIEW
user_1444,VIEW
user_1449,VIEW
user_1450,VIEW
user_1451,VIEW
user_1453,VIEW
user_1454,VIEW
user_1454,PURCHASE
user_1455,VIEW
user_1456,VIEW
user_1457,VIEW
user_1457,PURCHASE
user_1458,VIEW
user_1460,VIEW
user_1461,VIEW
user_1463,VIEW
user_1466,VIEW
user_1467,VIEW
user_1469,VIEW
user_1470,VIEW
user_1471,VIEW
user_1475,VIEW
user_1478,VIEW
user_1479,VIEW
user_1482,VIEW
user_1482,PURCHASE
user_1485,VIEW
user_1487,VIEW
user_1488,VIEW
user_1488,PURCHASE
user_1488,REFUND
user_1489,VIEW
user_1490,VIEW
user_1491,VIEW
user_1492,VIEW
user_1493,VIEW
user_1494,VIEW
user_1494,PURCHASE
user_1494,REFUND
user_1495,VIEW
user_1497,VIEW
user_1504,VIEW
user_1505,VIEW
user_1506,VIEW
user_1507,VIEW
user_1508,VIEW
user_1509,VIEW
user_1510,VIEW
user_1511,VIEW
user_1514,VIEW
user_1515,VIEW
user_1516,VIEW
user_1520,VIEW
user_1522,VIEW
user_1525,VIEW
user_1527,VIEW
user_1528,VIEW
user_1529,VIEW
user_1530,VIEW
user_1533,VIEW
user_1534,VIEW
user_1535,VIEW
user_1536,VIEW
user_1537,VIEW
user_1538,VIEW
user_1540,VIEW
user_1545,VIEW
user_1549,VIEW
user_1551,VIEW
user_1552,VIEW
user_1555,VIEW
user_1556,VIEW
user_1565,VIEW
user_1566,VIEW
user_1569,VIEW
user_1570,VIEW
user_1572,VIEW
user_1576,VIEW
user_1578,VIEW
user_1580,VIEW
user_1581,VIEW
user_1585,VIEW
user_1589,VIEW
user_1590,VIEW
user_1594,VIEW
user_1594,PURCHASE
user_1595,VIEW
user_1596,VIEW
user_1602,VIEW
user_1602,PURCHASE
user_1607,VIEW
user_1608,VIEW
user_1608,PURCHASE
user_1611,VIEW
user_1611,PURCHASE
user_1612,VIEW
user_1614,VIEW
user_1614,PURCHASE
user_1614,REFUND
user_1622,VIEW
user_1622,PURCHASE
user_1622,REFUND
user_1628,VIEW
user_1628,PURCHASE
user_1629,VIEW
user_1631,VIEW
user_1631,PURCHASE
user_1633,VIEW
user_1639,VIEW
user_1640,VIEW
user_1640,PURCHASE
user_1640,REFUND
user_1641,VIEW
user_1643,VIEW
user_1644,VIEW
user_1644,PURCHASE
user_1645,VIEW
user_1645,PURCHASE
user_1648,VIEW
user_1648,PURCHASE
user_1650,VIEW
user_1650,PURCHASE
user_1650,REFUND
user_1651,VIEW
user_1657,VIEW
user_1657,PURCHASE
user_1657,REFUND
user_1663,VIEW
user_1663,PURCHASE
user_1669,VIEW
user_1669,PURCHASE
user_1670,VIEW
user_1670,PURCHASE
user_1672,VIEW
user_1672,PURCHASE
user_1673,VIEW
user_1673,PURCHASE
user_1675,VIEW
user_1682,VIEW
user_1688,VIEW
user_1689,VIEW
user_1692,VIEW
user_1692,PURCHASE
user_1693,VIEW
user_1693,PURCHASE
user_1697,VIEW
user_1698,VIEW
user_1700,VIEW
user_1700,PURCHASE
user_1702,VIEW
user_1705,VIEW
user_1705,PURCHASE
user_1707,VIEW
user_1707,PURCHASE
user_1707,REFUND
user_1709,VIEW
user_1709,PURCHASE
user_1712,VIEW
user_1712,PURCHASE
user_1713,VIEW
user_1717,VIEW
user_1717,PURCHASE
user_1717,REFUND
user_1722,VIEW
user_1722,PURCHASE
user_1724,VIEW
user_1724,PURCHASE
user_1724,REFUND
user_1727,VIEW
user_1739,VIEW
user_1742,VIEW
user_1743,VIEW
user_1747,VIEW
user_1749,VIEW
user_1759,VIEW
user_1761,VIEW
user_1761,PURCHASE
user_1762,VIEW
user_1764,VIEW
user_1767,VIEW
user_1768,VIEW
user_1768,PURCHASE
user_1769,VIEW
user_1771,VIEW
user_1771,PURCHASE
user_1771,REFUND
user_1772,VIEW
user_1776,VIEW
user_1777,VIEW
user_1778,VIEW
user_1781,VIEW
user_1782,VIEW
user_1783,VIEW
user_1789,VIEW
user_1789,PURCHASE
user_1793,VIEW
user_1794,VIEW
user_1794,PURCHASE
user_1796,VIEW
user_1799,VIEW
user_1799,PURCHASE
user_1802,VIEW
user_1803,VIEW
user_1803,PURCHASE
user_1805,VIEW
user_1806,VIEW
user_1807,VIEW
user_1807,PURCHASE
user_1810,VIEW
user_1810,PURCHASE
user_1810,REFUND
user_1815,VIEW
user_1818,VIEW
user_1818,PURCHASE
user_1820,VIEW
user_1820,PURCHASE
user_1821,VIEW
user_1822,VIEW
user_1822,PURCHASE
user_1830,VIEW
user_1831,VIEW
user_1831,PURCHASE
user_1834,VIEW
user_1835,VIEW
user_1840,VIEW
user_1841,VIEW
user_1841,PURCHASE
user_1841,REFUND
user_1843,VIEW
user_1845,VIEW
user_1847,VIEW
user_1847,PURCHASE
user_1849,VIEW
user_1849,PURCHASE
user_1849,REFUND
user_1852,VIEW
user_1853,VIEW
user_1853,PURCHASE
user_1853,REFUND
user_1856,VIEW
user_1857,VIEW
user_1857,PURCHASE
user_1859,VIEW
user_1860,VIEW
user_1860,PURCHASE
user_1860,REFUND
user_1861,VIEW
user_1864,VIEW
user_1867,VIEW
user_1870,VIEW
user_1870,PURCHASE
user_1871,VIEW
user_1871,PURCHASE
user_1876,VIEW
user_1877,VIEW
user_1877,PURCHASE
user_1879,VIEW
user_1883,VIEW
user_1883,PURCHASE
user_1885,VIEW
user_1885,PURCHASE
user_1885,REFUND
user_1892,VIEW
user_1892,PURCHASE
user_1893,VIEW
user_1897,VIEW
user_1897,PURCHASE
user_1898,VIEW
user_1903,VIEW
user_1906,VIEW
user_1910,VIEW
user_1910,PURCHASE
user_1910,REFUND
user_1911,VIEW
user_1918,VIEW
user_1918,PURCHASE
user_1919,VIEW
user_1919,PURCHASE
user_1920,VIEW
user_1923,VIEW
user_1923,PURCHASE
user_1925,VIEW
user_1925,PURCHASE
user_1927,VIEW
user_1927,PURCHASE
user_1927,REFUND
user_1930,VIEW
user_1933,VIEW
user_1933,PURCHASE
user_1933,REFUND
user_1934,VIEW
user_1934,PURCHASE
user_1934,REFUND
user_1937,VIEW
user_1937,PURCHASE
user_1948,VIEW
user_1950,VIEW
user_1950,PURCHASE
user_1950,REFUND
user_1952,VIEW
user_1955,VIEW
user_1956,VIEW
user_1956,PURCHASE
user_1958,VIEW
user_1958,PURCHASE
user_1959,VIEW
user_1960,VIEW
user_1962,VIEW
user_1962,PURCHASE
user_1962,REFUND
user_1965,VIEW
user_1968,VIEW
user_1975,VIEW
user_1975,PURCHASE
user_1975,REFUND
user_1979,VIEW
user_1984,VIEW
user_1984,PURCHASE
user_1984,REFUND
user_1986,VIEW
user_1990,VIEW
user_1990,PURCHASE
user_1990,REFUND
user_1991,VIEW
user_1992,VIEW
user_1993,VIEW
user_1993,PURCHASE
user_1994,VIEW
user_1994,PURCHASE
user_1994,REFUND
user_1996,VIEW
user_2000,VIEW
user_2001,VIEW
user_2007,VIEW
user_2008,VIEW
user_2009,VIEW
user_2011,VIEW
user_2012,VIEW
user_2012,PURCHASE
user_2020,VIEW
user_2021,VIEW
user_2027,VIEW
user_2028,VIEW
user_2028,PURCHASE
user_2028,REFUND
user_2031,VIEW
user_2031,PURCHASE
user_2033,VIEW
user_2037,VIEW
user_2037,PURCHASE
user_2043,VIEW
user_2043,PURCHASE
user_2044,VIEW
user_2044,PURCHASE
user_2044,REFUND
user_2047,VIEW
user_2049,VIEW
user_2049,PURCHASE
user_2055,VIEW
user_2056,VIEW
user_2056,PURCHASE
user_2057,VIEW
user_2058,VIEW
user_2058,PURCHASE
user_2059,VIEW
user_2061,VIEW
user_2061,PURCHASE
user_2066,VIEW
user_2067,VIEW
user_2067,PURCHASE
user_2067,REFUND
user_2068,VIEW
user_2070,VIEW
user_2070,PURCHASE
user_2073,VIEW
user_2073,PURCHASE
user_2073,REFUND
user_2074,VIEW
user_2077,VIEW
user_2079,VIEW
user_2084,VIEW
user_2085,VIEW
user_2090,VIEW
user_2090,PURCHASE
user_2094,VIEW
user_2096,VIEW
user_2096,PURCHASE
user_2096,REFUND
user_2098,VIEW
user_2098,PURCHASE
user_2098,REFUND
user_2099,VIEW
user_2101,VIEW
user_2107,VIEW
user_2112,VIEW
user_2115,VIEW
user_2115,PURCHASE
user_2120,VIEW
user_2121,VIEW
user_2121,PURCHASE
user_2121,REFUND
user_2122,VIEW
user_2122,PURCHASE
user_2124,VIEW
user_2129,VIEW
user_2129,PURCHASE
user_2129,REFUND
user_2133,VIEW
user_2133,PURCHASE
user_2134,VIEW
user_2134,PURCHASE
user_2137,VIEW
user_2137,PURCHASE
user_2139,VIEW
user_2139,PURCHASE
user_2141,VIEW
user_2142,VIEW
user_2142,PURCHASE
user_2142,REFUND
user_2143,VIEW
user_2143,PURCHASE
user_2143,REFUND
user_2144,VIEW
user_2144,PURCHASE
user_2148,VIEW
user_2148,PURCHASE
user_2155,VIEW
user_2155,PURCHASE
user_2156,VIEW
user_2156,PURCHASE
user_2160,VIEW
user_2164,VIEW
user_2164,PURCHASE
user_2167,VIEW
user_2169,VIEW
user_2172,VIEW
user_2174,VIEW
user_2174,PURCHASE
user_2174,REFUND
user_2176,VIEW
user_2177,VIEW
user_2181,VIEW
user_2181,PURCHASE
user_2181,REFUND
user_2183,VIEW
user_2184,VIEW
user_2185,VIEW
user_2185,PURCHASE
user_2188,VIEW
user_2188,PURCHASE
user_2189,VIEW
user_2190,VIEW
user_2190,PURCHASE
user_2194,VIEW
user_2195,VIEW
user_2195,PURCHASE
user_2197,VIEW
user_2199,VIEW
user_2199,PURCHASE
user_2203,VIEW
user_2203,PURCHASE
user_2204,VIEW
user_2204,PURCHASE
user_2211,VIEW
user_2211,PURCHASE
user_2211,REFUND
user_2215,VIEW
user_2216,VIEW
user_2216,PURCHASE
user_2220,VIEW
user_2220,PURCHASE
user_2222,VIEW
user_2224,VIEW
user_2224,PURCHASE
user_2225,VIEW
user_2225,PURCHASE
user_2230,VIEW
user_2230,PURCHASE
user_2233,VIEW
user_2237,VIEW
user_2243,VIEW
user_2243,PURCHASE
user_2243,REFUND
user_2244,VIEW
user_2247,VIEW
user_2251,VIEW
user_2251,PURCHASE
user_2252,VIEW
user_2252,PURCHASE
user_2253,VIEW
user_2253,PURCHASE
user_2258,VIEW
user_2258,PURCHASE
user_2258,REFUND
user_2265,VIEW
user_2265,PURCHASE
user_2268,VIEW
user_2269,VIEW
user_2271,VIEW
user_2273,VIEW
user_2273,PURCHASE
user_2289,VIEW
user_2293,VIEW
user_2297,VIEW
user_2301,VIEW
user_2304,VIEW
user_2305,VIEW
user_2305,PURCHASE
user_2306,VIEW
user_2307,VIEW
user_2307,PURCHASE
user_2308,VIEW
user_2308,PURCHASE
user_2308,REFUND
user_2309,VIEW
user_2309,PURCHASE
user_2310,VIEW
user_2311,VIEW
user_2312,VIEW
user_2312,PURCHASE
user_2313,VIEW
user_2316,VIEW
user_2316,PURCHASE
user_2320,VIEW
user_2323,VIEW
user_2323,PURCHASE
user_2327,VIEW
user_2329,VIEW
user_2329,PURCHASE
user_2336,VIEW
user_2336,PURCHASE
user_2337,VIEW
user_2338,VIEW
user_2338,PURCHASE
user_2342,VIEW
user_2342,PURCHASE
user_2346,VIEW
user_2346,PURCHASE
user_2349,VIEW
user_2352,VIEW
user_2354,VIEW
user_2354,PURCHASE
user_2357,VIEW
user_2357,PURCHASE
user_2359,VIEW
user_2359,PURCHASE
user_2361,VIEW
user_2361,PURCHASE
user_2361,REFUND
user_2362,VIEW
user_2362,PURCHASE
user_2366,VIEW
user_2366,PURCHASE
user_2373,VIEW
user_2373,PURCHASE
user_2377,VIEW
user_2377,PURCHASE
user_2377,REFUND
user_2378,VIEW
user_2378,PURCHASE
user_2381,VIEW
user_2381,PURCHASE
user_2382,VIEW
user_2385,VIEW
user_2385,PURCHASE
user_2386,VIEW
user_2386,PURCHASE
user_2388,VIEW
user_2388,PURCHASE
user_2391,VIEW
user_2391,PURCHASE
user_2392,VIEW
user_2392,PURCHASE
user_2392,REFUND
user_2393,VIEW
user_2393,PURCHASE
user_2401,VIEW
user_2401,PURCHASE
user_2402,VIEW
user_2407,VIEW
user_2407,PURCHASE
user_2409,VIEW
user_2412,VIEW
user_2412,PURCHASE
user_2414,VIEW
user_2414,PURCHASE
user_2418,VIEW
user_2419,VIEW
user_2420,VIEW
user_2421,VIEW
user_2425,VIEW
user_2425,PURCHASE
user_2426,VIEW
user_2426,PURCHASE
user_2427,VIEW
user_2433,VIEW
user_2434,VIEW
user_2434,PURCHASE
user_2435,VIEW
user_2435,PURCHASE
user_2436,VIEW
user_2438,VIEW
user_2442,VIEW
user_2442,PURCHASE
user_2446,VIEW
user_2447,VIEW
user_2449,VIEW
user_2458,VIEW
user_2458,PURCHASE
user_2459,VIEW
user_2459,PURCHASE
user_2460,VIEW
user_2460,PURCHASE
user_2461,VIEW
user_2462,VIEW
user_2464,VIEW
user_2466,VIEW
user_2466,PURCHASE
user_2468,VIEW
user_2469,VIEW
user_2472,VIEW
user_2474,VIEW
user_2474,PURCHASE
user_2479,VIEW
user_2479,PURCHASE
user_2483,VIEW
user_2485,VIEW
user_2485,PURCHASE
user_2487,VIEW
user_2487,PURCHASE
user_2489,VIEW
user_2491,VIEW
user_2491,PURCHASE
user_2492,VIEW
user_2494,VIEW
user_2494,PURCHASE
user_2496,VIEW
user_2502,VIEW
user_2505,VIEW
user_2507,VIEW
user_2509,VIEW
user_2513,VIEW
user_2515,VIEW
user_2515,PURCHASE
user_2516,VIEW
user_2516,PURCHASE
user_2519,VIEW
user_2519,PURCHASE
user_2520,VIEW
user_2523,VIEW
user_2526,VIEW
user_2526,PURCHASE
user_2528,VIEW
user_2530,VIEW
user_2533,VIEW
user_2533,PURCHASE
user_2535,VIEW
user_2542,VIEW
user_2545,VIEW
user_2545,PURCHASE
user_2550,VIEW
user_2550,PURCHASE
user_2561,VIEW
user_2564,VIEW
user_2565,VIEW
user_2565,PURCHASE
user_2568,VIEW
user_2568,PURCHASE
user_2569,VIEW
user_2569,PURCHASE
user_2571,VIEW
user_2577,VIEW
user_2580,VIEW
user_2581,VIEW
user_2582,VIEW
user_2583,VIEW
user_2589,VIEW
user_2599,VIEW
user_2599,PURCHASE
user_2601,VIEW
user_2603,VIEW
user_2606,VIEW
user_2607,VIEW
user_2609,VIEW
user_2609,PURCHASE
user_2612,VIEW
user_2612,PURCHASE
user_2613,VIEW
user_2619,VIEW
user_2620,VIEW
user_2621,VIEW
user_2621,PURCHASE
user_2622,VIEW
user_2624,VIEW
user_2626,VIEW
user_2626,PURCHASE
user_2629,VIEW
user_2630,VIEW
user_2632,VIEW
user_2632,PURCHASE
user_2634,VIEW
user_2637,VIEW
user_2640,VIEW
user_2640,PURCHASE
user_2642,VIEW
user_2644,VIEW
user_2644,PURCHASE
user_2652,VIEW
user_2656,VIEW
user_2659,VIEW
user_2660,VIEW
user_2660,PURCHASE
user_2661,VIEW
user_2661,PURCHASE
user_2663,VIEW
user_2665,VIEW
user_2666,VIEW
user_2666,PURCHASE
user_2669,VIEW
user_2672,VIEW
user_2674,VIEW
user_2675,VIEW
user_2681,VIEW
user_2683,VIEW
user_2686,VIEW
user_2686,PURCHASE
user_2689,VIEW
user_2692,VIEW
user_2704,VIEW
user_2713,VIEW
user_2713,PURCHASE
user_2716,VIEW
user_2718,VIEW
user_2718,PURCHASE
user_2719,VIEW
user_2723,VIEW
user_2724,VIEW
user_2727,VIEW
user_2727,PURCHASE
user_2728,VIEW
user_2732,VIEW
user_2733,VIEW
user_2734,VIEW
user_2737,VIEW
user_2737,PURCHASE
user_2738,VIEW
user_2739,VIEW
user_2740,VIEW
user_2744,VIEW
user_2746,VIEW
user_2746,PURCHASE
user_2749,VIEW
user_2754,VIEW
user_2767,VIEW
user_2767,PURCHASE
user_2774,VIEW
user_2776,VIEW
user_2776,PURCHASE
user_2778,VIEW
user_2780,VIEW
user_2780,PURCHASE
user_2781,VIEW
user_2781,PURCHASE
user_2790,VIEW
user_2790,PURCHASE
user_2791,VIEW
user_2791,PURCHASE
user_2798,VIEW
user_2798,PURCHASE
user_2800,VIEW
user_2800,PURCHASE
user_2807,VIEW
user_2807,PURCHASE
user_2808,VIEW
user_2808,PURCHASE
user_2811,VIEW
user_2811,PURCHASE
user_2812,VIEW
user_2815,VIEW
user_2815,PURCHASE
user_2820,VIEW
user_2824,VIEW
user_2824,PURCHASE
user_2829,VIEW
user_2840,VIEW
user_2841,VIEW
user_2845,VIEW
user_2845,PURCHASE
user_2846,VIEW
user_2846,PURCHASE
user_2848,VIEW
user_2848,PURCHASE
user_2852,VIEW
user_2853,VIEW
user_2856,VIEW
user_2856,PURCHASE
user_2857,VIEW
user_2857,PURCHASE
user_2858,VIEW
user_2858,PURCHASE
user_2861,VIEW
user_2861,PURCHASE
user_2866,VIEW
user_2866,PURCHASE
user_2866,REFUND
user_2868,VIEW
user_2869,VIEW
user_2869,PURCHASE
user_2875,VIEW
user_2875,PURCHASE
user_2876,VIEW
user_2876,PURCHASE
user_2891,VIEW
user_2891,PURCHASE
user_2893,VIEW
user_2899,VIEW
user_2900,VIEW
user_2903,VIEW
user_2909,VIEW
user_2909,PURCHASE
user_2910,VIEW
user_2910,PURCHASE
user_2910,REFUND
user_2920,VIEW
user_2931,VIEW
user_2931,PURCHASE
user_2933,VIEW
user_2933,PURCHASE
user_2936,VIEW
user_2938,VIEW
user_2938,PURCHASE
user_2941,VIEW
user_2941,PURCHASE
user_2948,VIEW
user_2948,PURCHASE
user_2956,VIEW
user_2956,PURCHASE
user_2957,VIEW
user_2957,PURCHASE
user_2959,VIEW
user_2962,VIEW
user_2962,PURCHASE
user_2965,VIEW
user_2965,PURCHASE
user_2970,VIEW
user_2970,PURCHASE
user_2972,VIEW
user_2972,PURCHASE
user_2974,VIEW
user_2974,PURCHASE
user_2976,VIEW
user_2976,PURCHASE
user_2977,VIEW
user_2977,PURCHASE
user_2979,VIEW
user_2979,PURCHASE
user_2980,VIEW
user_2985,VIEW
user_2985,PURCHASE
user_2992,VIEW
user_2992,PURCHASE
user_2992,REFUND
user_2993,VIEW
user_2993,PURCHASE
user_3000,VIEW
user_3001,VIEW
user_3004,VIEW
user_3004,PURCHASE
user_3016,VIEW
user_3016,PURCHASE
user_3016,REFUND
user_3017,VIEW
user_3017,PURCHASE
user_3018,VIEW
user_3024,VIEW
user_3024,PURCHASE
user_3026,VIEW
user_3026,PURCHASE
user_3027,VIEW
user_3027,PURCHASE
user_3028,VIEW
user_3028,PURCHASE
user_3031,VIEW
user_3033,VIEW
user_3033,PURCHASE
user_3034,VIEW
user_3034,PURCHASE
user_3040,VIEW
user_3041,VIEW
user_3042,VIEW
user_3042,PURCHASE
user_3046,VIEW
user_3046,PURCHASE
user_3046,REFUND
user_3052,VIEW
user_3055,VIEW
user_3058,VIEW
user_3058,PURCHASE
user_3059,VIEW
user_3059,PURCHASE
user_3061,VIEW
user_3061,PURCHASE
user_3062,VIEW
user_3062,PURCHASE
user_3063,VIEW
user_3063,PURCHASE
user_3066,VIEW
user_3066,PURCHASE
user_3069,VIEW
user_3069,PURCHASE
user_3071,VIEW
user_3072,VIEW
user_3072,PURCHASE
user_3078,VIEW
user_3078,PURCHASE
user_3081,VIEW
user_3082,VIEW
user_3082,PURCHASE
user_3091,VIEW
user_3095,VIEW
user_3098,VIEW
user_3103,VIEW
user_3103,PURCHASE
user_3114,VIEW
user_3114,PURCHASE
user_3116,VIEW
user_3116,PURCHASE
user_3117,VIEW
user_3117,PURCHASE
user_3124,VIEW
user_3124,PURCHASE
user_3125,VIEW
user_3125,PURCHASE
user_3128,VIEW
user_3130,VIEW
user_3130,PURCHASE
user_3131,VIEW
user_3132,VIEW
user_3132,PURCHASE
user_3135,VIEW
user_3135,PURCHASE
user_3136,VIEW
user_3136,PURCHASE
user_3141,VIEW
user_3142,VIEW
user_3146,VIEW
user_3146,PURCHASE
user_3148,VIEW
user_3148,PURCHASE
user_3150,VIEW
user_3153,VIEW
user_3153,PURCHASE
user_3163,VIEW
user_3163,PURCHASE
user_3166,VIEW
user_3167,VIEW
user_3168,VIEW
user_3168,PURCHASE
user_3175,VIEW
user_3180,VIEW
user_3183,VIEW
user_3184,VIEW
user_3184,PURCHASE
user_3185,VIEW
user_3189,VIEW
user_3194,VIEW
user_3194,PURCHASE
user_3199,VIEW
user_3199,PURCHASE
