UID,AGE,DESIGN_GROUP
user_1,under20,red_small
user_2,under20,red_small
user_3,under20,red_small
user_4,under20,red_small
user_5,under20,red_small
user_6,under20,red_small
user_7,under20,red_small
user_8,under20,red_small
user_9,under20,red_small
user_10,under20,red_small
user_11,under20,red_small
user_12,under20,red_small
user_13,under20,red_small
user_14,under20,red_small
user_15,under20,red_small
user_16,under20,red_small
user_17,under20,red_small
user_18,under20,red_small
user_19,under20,red_small
user_20,under20,red_small
user_21,under20,red_small
user_22,under20,red_small
user_23,under20,red_small
user_24,under20,red_small
user_25,under20,red_small
user_26,under20,red_small
user_27,under20,red_small
user_28,under20,red_small
user_29,under20,red_small
user_30,under20,red_small
user_31,under20,red_small
user_32,under20,red_small
user_33,under20,red_small
user_34,under20,red_small
user_35,under20,red_small
user_36,under20,red_small
user_37,under20,red_small
user_38,under20,red_small
user_39,under20,red_small
user_40,under20,red_small
user_41,under20,red_small
user_42,under20,red_small
user_43,under20,red_small
user_44,under20,red_small
user_45,under20,red_small
user_46,under20,red_small
user_47,under20,red_small
user_48,under20,red_small
user_49,under20,red_small
user_50,under20,red_small
user_51,under20,red_small
user_52,under20,red_small
user_53,under20,red_small
user_54,under20,red_small
user_55,under20,red_small
user_56,under20,red_small
user_57,under20,red_small
user_58,under20,red_small
user_59,under20,red_small
user_60,under20,red_small
user_61,under20,red_small
user_62,under20,red_small
user_63,under20,red_small
user_64,under20,red_small
user_65,under20,red_small
user_66,under20,red_small
user_67,under20,red_small
user_68,under20,red_small
user_69,under20,red_small
user_70,under20,red_small
user_71,under20,red_small
user_72,under20,red_small
user_73,under20,red_small
user_74,under20,red_small
user_75,under20,red_small
user_76,under20,red_small
user_77,under20,red_small
user_78,under20,red_small
user_79,under20,red_small
user_80,under20,red_small
user_81,under20,red_small
user_82,under20,red_small
user_83,under20,red_small
user_84,under20,red_small
user_85,under20,red_small
user_86,under20,red_small
user_87,under20,red_small
user_88,under20,red_small
user_89,under20,red_small
user_90,under20,red_small
user_91,under20,red_small
user_92,under20,red_small
user_93,under20,red_small
user_94,under20,red_small
user_95,under20,red_small
user_96,under20,red_small
user_97,under20,red_small
user_98,under20,red_small
user_99,under20,red_small
user_100,under20,red_small
user_101,under20,red_small
user_102,under20,red_small
user_103,under20,red_small
user_104,under20,red_small
user_105,under20,red_small
user_106,under20,red_small
user_107,under20,red_small
user_108,under20,red_small
user_109,under20,red_small
user_110,under20,red_small
user_111,under20,red_small
user_112,under20,red_small
user_113,under20,red_small
user_114,under20,red_small
user_115,under20,red_small
user_116,under20,red_small
user_117,under20,red_small
user_118,under20,red_small
user_119,under20,red_small
user_120,under20,red_small
user_121,under20,red_small
user_122,under20,red_small
user_123,under20,red_small
user_124,under20,red_small
user_125,under20,red_small
user_126,under20,red_small
user_127,under20,red_small
user_128,under20,red_small
user_129,under20,red_small
user_130,under20,red_small
user_131,under20,red_small
user_132,under20,red_small
user_133,under20,red_small
user_134,under20,red_small
user_135,under20,red_small
user_136,under20,red_small
user_137,under20,red_small
user_138,under20,red_small
user_139,under20,red_small
user_140,under20,red_small
user_141,under20,red_small
user_142,under20,red_small
user_143,under20,red_small
user_144,under20,red_small
user_145,under20,red_small
user_146,under20,red_small
user_147,under20,red_small
user_148,under20,red_small
user_149,under20,red_small
user_150,under20,red_small
user_151,under20,red_small
user_152,under20,red_small
user_153,under20,red_small
user_154,under20,red_small
user_155,under20,red_small
user_156,under20,red_small
user_157,under20,red_small
user_158,under20,red_small
user_159,under20,red_small
user_160,under20,red_small
user_161,under20,red_small
user_162,under20,red_small
user_163,under20,red_small
user_164,under20,red_small
user_165,under20,red_small
user_166,under20,red_small
user_167,under20,red_small
user_168,under20,red_small
user_169,under20,red_small
user_170,under20,red_small
user_171,under20,red_small
user_172,under20,red_small
user_173,under20,red_small
user_174,under20,red_small
user_175,under20,red_small
user_176,under20,red_small
user_177,under20,red_small
user_178,under20,red_small
user_179,under20,red_small
user_180,under20,red_small
user_181,under20,red_small
user_182,under20,red_small
user_183,under20,red_small
user_184,under20,red_small
user_185,under20,red_small
user_186,under20,red_small
user_187,under20,red_small
user_188,under20,red_small
user_189,under20,red_small
user_190,under20,red_small
user_191,under20,red_small
user_192,under20,red_small
user_193,under20,red_small
user_194,under20,red_small
user_195,under20,red_small
user_196,under20,red_small
user_197,under20,red_small
user_198,under20,red_small
user_199,under20,red_small
user_200,under20,red_small
user_201,under20,red_small
user_202,under20,red_small
user_203,under20,red_small
user_204,under20,red_small
user_205,under20,red_small
user_206,under20,red_small
user_207,under20,red_small
user_208,under20,red_small
user_209,under20,red_small
user_210,under20,red_small
user_211,under20,red_small
user_212,under20,red_small
user_213,under20,red_small
user_214,under20,red_small
user_215,under20,red_small
user_216,under20,red_small
user_217,under20,red_small
user_218,under20,red_small
user_219,under20,red_small
user_220,under20,red_small
user_221,under20,red_small
user_222,under20,red_small
user_223,under20,red_small
user_224,under20,red_small
user_225,under20,red_small
user_226,under20,red_small
user_227,under20,red_small
user_228,under20,red_small
user_229,under20,red_small
user_230,under20,red_small
user_231,under20,red_small
user_232,under20,red_small
user_233,under20,red_small
user_234,under20,red_small
user_235,under20,red_small
user_236,under20,red_small
user_237,under20,red_small
user_238,under20,red_small
user_239,under20,red_small
user_240,under20,red_small
user_241,under20,red_small
user_242,under20,red_small
user_243,under20,red_small
user_244,under20,red_small
user_245,under20,red_small
user_246,under20,red_small
user_247,under20,red_small
user_248,under20,red_small
user_249,under20,red_small
user_250,under20,red_small
user_251,under20,red_small
user_252,under20,red_small
user_253,under20,red_small
user_254,under20,red_small
user_255,under20,red_small
user_256,under20,red_small
user_257,under20,red_small
user_258,under20,red_small
user_259,under20,red_small
user_260,under20,red_small
user_261,under20,red_small
user_262,under20,red_small
user_263,under20,red_small
user_264,under20,red_small
user_265,under20,red_small
user_266,under20,red_small
user_267,under20,red_small
user_268,under20,red_small
user_269,under20,red_small
user_270,under20,red_small
user_271,under20,red_small
user_272,under20,red_small
user_273,under20,red_small
user_274,under20,red_small
user_275,under20,red_small
user_276,under20,red_small
user_277,under20,red_small
user_278,under20,red_small
user_279,under20,red_small
user_280,under20,red_small
user_281,under20,red_small
user_282,under20,red_small
user_283,under20,red_small
user_284,under20,red_small
user_285,under20,red_small
user_286,under20,red_small
user_287,under20,red_small
user_288,under20,red_small
user_289,under20,red_small
user_290,under20,red_small
user_291,under20,red_small
user_292,under20,red_small
user_293,under20,red_small
user_294,under20,red_small
user_295,under20,red_small
user_296,under20,red_small
user_297,under20,red_small
user_298,under20,red_small
user_299,under20,red_small
user_300,under20,red_small
user_301,under20,red_small
user_302,under20,red_small
user_303,under20,red_small
user_304,under20,red_small
user_305,under20,red_small
user_306,under20,red_small
user_307,under20,red_small
user_308,under20,red_small
user_309,under20,red_small
user_310,under20,red_small
user_311,under20,red_small
user_312,under20,red_small
user_313,under20,red_small
user_314,under20,red_small
user_315,under20,red_small
user_316,under20,red_small
user_317,under20,red_small
user_318,under20,red_small
user_319,under20,red_small
user_320,under20,red_small
user_321,under20,red_small
user_322,under20,red_small
user_323,under20,red_small
user_324,under20,red_small
user_325,under20,red_small
user_326,under20,red_small
user_327,under20,red_small
user_328,under20,red_small
user_329,under20,red_small
user_330,under20,red_small
user_331,under20,red_small
user_332,under20,red_small
user_333,under20,red_small
user_334,under20,red_small
user_335,under20,red_small
user_336,under20,red_small
user_337,under20,red_small
user_338,under20,red_small
user_339,under20,red_small
user_340,under20,red_small
user_341,under20,red_small
user_342,under20,red_small
user_343,under20,red_small
user_344,under20,red_small
user_345,under20,red_small
user_346,under20,red_small
user_347,under20,red_small
user_348,under20,red_small
user_349,under20,red_small
user_350,under20,red_small
user_351,under20,red_small
user_352,under20,red_small
user_353,under20,red_small
user_354,under20,red_small
user_355,under20,red_small
user_356,under20,red_small
user_357,under20,red_small
user_358,under20,red_small
user_359,under20,red_small
user_360,under20,red_small
user_361,under20,red_small
user_362,under20,red_small
user_363,under20,red_small
user_364,under20,red_small
user_365,under20,red_small
user_366,under20,red_small
user_367,under20,red_small
user_368,under20,red_small
user_369,under20,red_small
user_370,under20,red_small
user_371,under20,red_small
user_372,under20,red_small
user_373,under20,red_small
user_374,under20,red_small
user_375,under20,red_small
user_376,under20,red_small
user_377,under20,red_small
user_378,under20,red_small
user_379,under20,red_small
user_380,under20,red_small
user_381,under20,red_small
user_382,under20,red_small
user_383,under20,red_small
user_384,under20,red_small
user_385,under20,red_small
user_386,under20,red_small
user_387,under20,red_small
user_388,under20,red_small
user_389,under20,red_small
user_390,under20,red_small
user_391,under20,red_small
user_392,under20,red_small
user_393,under20,red_small
user_394,under20,red_small
user_395,under20,red_small
user_396,under20,red_small
user_397,under20,red_small
user_398,under20,red_small
user_399,under20,red_small
user_400,under20,red_small
user_401,under20,red_large
user_402,under20,red_large
user_403,under20,red_large
user_404,under20,red_large
user_405,under20,red_large
user_406,under20,red_large
user_407,under20,red_large
user_408,under20,red_large
user_409,under20,red_large
user_410,under20,red_large
user_411,under20,red_large
user_412,under20,red_large
user_413,under20,red_large
user_414,under20,red_large
user_415,under20,red_large
user_416,under20,red_large
user_417,under20,red_large
user_418,under20,red_large
user_419,under20,red_large
user_420,under20,red_large
user_421,under20,red_large
user_422,under20,red_large
user_423,under20,red_large
user_424,under20,red_large
user_425,under20,red_large
user_426,under20,red_large
user_427,under20,red_large
user_428,under20,red_large
user_429,under20,red_large
user_430,under20,red_large
user_431,under20,red_large
user_432,under20,red_large
user_433,under20,red_large
user_434,under20,red_large
user_435,under20,red_large
user_436,under20,red_large
user_437,under20,red_large
user_438,under20,red_large
user_439,under20,red_large
user_440,under20,red_large
user_441,under20,red_large
user_442,under20,red_large
user_443,under20,red_large
user_444,under20,red_large
user_445,under20,red_large
user_446,under20,red_large
user_447,under20,red_large
user_448,under20,red_large
user_449,under20,red_large
user_450,under20,red_large
user_451,under20,red_large
user_452,under20,red_large
user_453,under20,red_large
user_454,under20,red_large
user_455,under20,red_large
user_456,under20,red_large
user_457,under20,red_large
user_458,under20,red_large
user_459,under20,red_large
user_460,under20,red_large
user_461,under20,red_large
user_462,under20,red_large
user_463,under20,red_large
user_464,under20,red_large
user_465,under20,red_large
user_466,under20,red_large
user_467,under20,red_large
user_468,under20,red_large
user_469,under20,red_large
user_470,under20,red_large
user_471,under20,red_large
user_472,under20,red_large
user_473,under20,red_large
user_474,under20,red_large
user_475,under20,red_large
user_476,under20,red_large
user_477,under20,red_large
user_478,under20,red_large
user_479,under20,red_large
user_480,under20,red_large
user_481,under20,red_large
user_482,under20,red_large
user_483,under20,red_large
user_484,under20,red_large
user_485,under20,red_large
user_486,under20,red_large
user_487,under20,red_large
user_488,under20,red_large
user_489,under20,red_large
user_490,under20,red_large
user_491,under20,red_large
user_492,under20,red_large
user_493,under20,red_large
user_494,under20,red_large
user_495,under20,red_large
user_496,under20,red_large
user_497,under20,red_large
user_498,under20,red_large
user_499,under20,red_large
user_500,under20,red_large
user_501,under20,red_large
user_502,under20,red_large
user_503,under20,red_large
user_504,under20,red_large
user_505,under20,red_large
user_506,under20,red_large
user_507,under20,red_large
user_508,under20,red_large
user_509,under20,red_large
user_510,under20,red_large
user_511,under20,red_large
user_512,under20,red_large
user_513,under20,red_large
user_514,under20,red_large
user_515,under20,red_large
user_516,under20,red_large
user_517,under20,red_large
user_518,under20,red_large
user_519,under20,red_large
user_520,under20,red_large
user_521,under20,red_large
user_522,under20,red_large
user_523,under20,red_large
user_524,under20,red_large
user_525,under20,red_large
user_526,under20,red_large
user_527,under20,red_large
user_528,under20,red_large
user_529,under20,red_large
user_530,under20,red_large
user_531,under20,red_large
user_532,under20,red_large
user_533,under20,red_large
user_534,under20,red_large
user_535,under20,red_large
user_536,under20,red_large
user_537,under20,red_large
user_538,under20,red_large
user_539,under20,red_large
user_540,under20,red_large
user_541,under20,red_large
user_542,under20,red_large
user_543,under20,red_large
user_544,under20,red_large
user_545,under20,red_large
user_546,under20,red_large
user_547,under20,red_large
user_548,under20,red_large
user_549,under20,red_large
user_550,under20,red_large
user_551,under20,red_large
user_552,under20,red_large
user_553,under20,red_large
user_554,under20,red_large
user_555,under20,red_large
user_556,under20,red_large
user_557,under20,red_large
user_558,under20,red_large
user_559,under20,red_large
user_560,under20,red_large
user_561,under20,red_large
user_562,under20,red_large
user_563,under20,red_large
user_564,under20,red_large
user_565,under20,red_large
user_566,under20,red_large
user_567,under20,red_large
user_568,under20,red_large
user_569,under20,red_large
user_570,under20,red_large
user_571,under20,red_large
user_572,under20,red_large
user_573,under20,red_large
user_574,under20,red_large
user_575,under20,red_large
user_576,under20,red_large
user_577,under20,red_large
user_578,under20,red_large
user_579,under20,red_large
user_580,under20,red_large
user_581,under20,red_large
user_582,under20,red_large
user_583,under20,red_large
user_584,under20,red_large
user_585,under20,red_large
user_586,under20,red_large
user_587,under20,red_large
user_588,under20,red_large
user_589,under20,red_large
user_590,under20,red_large
user_591,under20,red_large
user_592,under20,red_large
user_593,under20,red_large
user_594,under20,red_large
user_595,under20,red_large
user_596,under20,red_large
user_597,under20,red_large
user_598,under20,red_large
user_599,under20,red_large
user_600,under20,red_large
user_601,under20,red_large
user_602,under20,red_large
user_603,under20,red_large
user_604,under20,red_large
user_605,under20,red_large
user_606,under20,red_large
user_607,under20,red_large
user_608,under20,red_large
user_609,under20,red_large
user_610,under20,red_large
user_611,under20,red_large
user_612,under20,red_large
user_613,under20,red_large
user_614,under20,red_large
user_615,under20,red_large
user_616,under20,red_large
user_617,under20,red_large
user_618,under20,red_large
user_619,under20,red_large
user_620,under20,red_large
user_621,under20,red_large
user_622,under20,red_large
user_623,under20,red_large
user_624,under20,red_large
user_625,under20,red_large
user_626,under20,red_large
user_627,under20,red_large
user_628,under20,red_large
user_629,under20,red_large
user_630,under20,red_large
user_631,under20,red_large
user_632,under20,red_large
user_633,under20,red_large
user_634,under20,red_large
user_635,under20,red_large
user_636,under20,red_large
user_637,under20,red_large
user_638,under20,red_large
user_639,under20,red_large
user_640,under20,red_large
user_641,under20,red_large
user_642,under20,red_large
user_643,under20,red_large
user_644,under20,red_large
user_645,under20,red_large
user_646,under20,red_large
user_647,under20,red_large
user_648,under20,red_large
user_649,under20,red_large
user_650,under20,red_large
user_651,under20,red_large
user_652,under20,red_large
user_653,under20,red_large
user_654,under20,red_large
user_655,under20,red_large
user_656,under20,red_large
user_657,under20,red_large
user_658,under20,red_large
user_659,under20,red_large
user_660,under20,red_large
user_661,under20,red_large
user_662,under20,red_large
user_663,under20,red_large
user_664,under20,red_large
user_665,under20,red_large
user_666,under20,red_large
user_667,under20,red_large
user_668,under20,red_large
user_669,under20,red_large
user_670,under20,red_large
user_671,under20,red_large
user_672,under20,red_large
user_673,under20,red_large
user_674,under20,red_large
user_675,under20,red_large
user_676,under20,red_large
user_677,under20,red_large
user_678,under20,red_large
user_679,under20,red_large
user_680,under20,red_large
user_681,under20,red_large
user_682,under20,red_large
user_683,under20,red_large
user_684,under20,red_large
user_685,under20,red_large
user_686,under20,red_large
user_687,under20,red_large
user_688,under20,red_large
user_689,under20,red_large
user_690,under20,red_large
user_691,under20,red_large
user_692,under20,red_large
user_693,under20,red_large
user_694,under20,red_large
user_695,under20,red_large
user_696,under20,red_large
user_697,under20,red_large
user_698,under20,red_large
user_699,under20,red_large
user_700,under20,red_large
user_701,under20,red_large
user_702,under20,red_large
user_703,under20,red_large
user_704,under20,red_large
user_705,under20,red_large
user_706,under20,red_large
user_707,under20,red_large
user_708,under20,red_large
user_709,under20,red_large
user_710,under20,red_large
user_711,under20,red_large
user_712,under20,red_large
user_713,under20,red_large
user_714,under20,red_large
user_715,under20,red_large
user_716,under20,red_large
user_717,under20,red_large
user_718,under20,red_large
user_719,under20,red_large
user_720,under20,red_large
user_721,under20,red_large
user_722,under20,red_large
user_723,under20,red_large
user_724,under20,red_large
user_725,under20,red_large
user_726,under20,red_large
user_727,under20,red_large
user_728,under20,red_large
user_729,under20,red_large
user_730,under20,red_large
user_731,under20,red_large
user_732,under20,red_large
user_733,under20,red_large
user_734,under20,red_large
user_735,under20,red_large
user_736,under20,red_large
user_737,under20,red_large
user_738,under20,red_large
user_739,under20,red_large
user_740,under20,red_large
user_741,under20,red_large
user_742,under20,red_large
user_743,under20,red_large
user_744,under20,red_large
user_745,under20,red_large
user_746,under20,red_large
user_747,under20,red_large
user_748,under20,red_large
user_749,under20,red_large
user_750,under20,red_large
user_751,under20,red_large
user_752,under20,red_large
user_753,under20,red_large
user_754,under20,red_large
user_755,under20,red_large
user_756,under20,red_large
user_757,under20,red_large
user_758,under20,red_large
user_759,under20,red_large
user_760,under20,red_large
user_761,under20,red_large
user_762,under20,red_large
user_763,under20,red_large
user_764,under20,red_large
user_765,under20,red_large
user_766,under20,red_large
user_767,under20,red_large
user_768,under20,red_large
user_769,under20,red_large
user_770,under20,red_large
user_771,under20,red_large
user_772,under20,red_large
user_773,under20,red_large
user_774,under20,red_large
user_775,under20,red_large
user_776,under20,red_large
user_777,under20,red_large
user_778,under20,red_large
user_779,under20,red_large
user_780,under20,red_large
user_781,under20,red_large
user_782,under20,red_large
user_783,under20,red_large
user_784,under20,red_large
user_785,under20,red_large
user_786,under20,red_large
user_787,under20,red_large
user_788,under20,red_large
user_789,under20,red_large
user_790,under20,red_large
user_791,under20,red_large
user_792,under20,red_large
user_793,under20,red_large
user_794,under20,red_large
user_795,under20,red_large
user_796,under20,red_large
user_797,under20,red_large
user_798,under20,red_large
user_799,under20,red_large
user_800,under20,red_large
user_801,under20,blue_small
user_802,under20,blue_small
user_803,under20,blue_small
user_804,under20,blue_small
user_805,under20,blue_small
user_806,under20,blue_small
user_807,under20,blue_small
user_808,under20,blue_small
user_809,under20,blue_small
user_810,under20,blue_small
user_811,under20,blue_small
user_812,under20,blue_small
user_813,under20,blue_small
user_814,under20,blue_small
user_815,under20,blue_small
user_816,under20,blue_small
user_817,under20,blue_small
user_818,under20,blue_small
user_819,under20,blue_small
user_820,under20,blue_small
user_821,under20,blue_small
user_822,under20,blue_small
user_823,under20,blue_small
user_824,under20,blue_small
user_825,under20,blue_small
user_826,under20,blue_small
user_827,under20,blue_small
user_828,under20,blue_small
user_829,under20,blue_small
user_830,under20,blue_small
user_831,under20,blue_small
user_832,under20,blue_small
user_833,under20,blue_small
user_834,under20,blue_small
user_835,under20,blue_small
user_836,under20,blue_small
user_837,under20,blue_small
user_838,under20,blue_small
user_839,under20,blue_small
user_840,under20,blue_small
user_841,under20,blue_small
user_842,under20,blue_small
user_843,under20,blue_small
user_844,under20,blue_small
user_845,under20,blue_small
user_846,under20,blue_small
user_847,under20,blue_small
user_848,under20,blue_small
user_849,under20,blue_small
user_850,under20,blue_small
user_851,under20,blue_small
user_852,under20,blue_small
user_853,under20,blue_small
user_854,under20,blue_small
user_855,under20,blue_small
user_856,under20,blue_small
user_857,under20,blue_small
user_858,under20,blue_small
user_859,under20,blue_small
user_860,under20,blue_small
user_861,under20,blue_small
user_862,under20,blue_small
user_863,under20,blue_small
user_864,under20,blue_small
user_865,under20,blue_small
user_866,under20,blue_small
user_867,under20,blue_small
user_868,under20,blue_small
user_869,under20,blue_small
user_870,under20,blue_small
user_871,under20,blue_small
user_872,under20,blue_small
user_873,under20,blue_small
user_874,under20,blue_small
user_875,under20,blue_small
user_876,under20,blue_small
user_877,under20,blue_small
user_878,under20,blue_small
user_879,under20,blue_small
user_880,under20,blue_small
user_881,under20,blue_small
user_882,under20,blue_small
user_883,under20,blue_small
user_884,under20,blue_small
user_885,under20,blue_small
user_886,under20,blue_small
user_887,under20,blue_small
user_888,under20,blue_small
user_889,under20,blue_small
user_890,under20,blue_small
user_891,under20,blue_small
user_892,under20,blue_small
user_893,under20,blue_small
user_894,under20,blue_small
user_895,under20,blue_small
user_896,under20,blue_small
user_897,under20,blue_small
user_898,under20,blue_small
user_899,under20,blue_small
user_900,under20,blue_small
user_901,under20,blue_small
user_902,under20,blue_small
user_903,under20,blue_small
user_904,under20,blue_small
user_905,under20,blue_small
user_906,under20,blue_small
user_907,under20,blue_small
user_908,under20,blue_small
user_909,under20,blue_small
user_910,under20,blue_small
user_911,under20,blue_small
user_912,under20,blue_small
user_913,under20,blue_small
user_914,under20,blue_small
user_915,under20,blue_small
user_916,under20,blue_small
user_917,under20,blue_small
user_918,under20,blue_small
user_919,under20,blue_small
user_920,under20,blue_small
user_921,under20,blue_small
user_922,under20,blue_small
user_923,under20,blue_small
user_924,under20,blue_small
user_925,under20,blue_small
user_926,under20,blue_small
user_927,under20,blue_small
user_928,under20,blue_small
user_929,under20,blue_small
user_930,under20,blue_small
user_931,under20,blue_small
user_932,under20,blue_small
user_933,under20,blue_small
user_934,under20,blue_small
user_935,under20,blue_small
user_936,under20,blue_small
user_937,under20,blue_small
user_938,under20,blue_small
user_939,under20,blue_small
user_940,under20,blue_small
user_941,under20,blue_small
user_942,under20,blue_small
user_943,under20,blue_small
user_944,under20,blue_small
user_945,under20,blue_small
user_946,under20,blue_small
user_947,under20,blue_small
user_948,under20,blue_small
user_949,under20,blue_small
user_950,under20,blue_small
user_951,under20,blue_small
user_952,under20,blue_small
user_953,under20,blue_small
user_954,under20,blue_small
user_955,under20,blue_small
user_956,under20,blue_small
user_957,under20,blue_small
user_958,under20,blue_small
user_959,under20,blue_small
user_960,under20,blue_small
user_961,under20,blue_small
user_962,under20,blue_small
user_963,under20,blue_small
user_964,under20,blue_small
user_965,under20,blue_small
user_966,under20,blue_small
user_967,under20,blue_small
user_968,under20,blue_small
user_969,under20,blue_small
user_970,under20,blue_small
user_971,under20,blue_small
user_972,under20,blue_small
user_973,under20,blue_small
user_974,under20,blue_small
user_975,under20,blue_small
user_976,under20,blue_small
user_977,under20,blue_small
user_978,under20,blue_small
user_979,under20,blue_small
user_980,under20,blue_small
user_981,under20,blue_small
user_982,under20,blue_small
user_983,under20,blue_small
user_984,under20,blue_small
user_985,under20,blue_small
user_986,under20,blue_small
user_987,under20,blue_small
user_988,under20,blue_small
user_989,under20,blue_small
user_990,under20,blue_small
user_991,under20,blue_small
user_992,under20,blue_small
user_993,under20,blue_small
user_994,under20,blue_small
user_995,under20,blue_small
user_996,under20,blue_small
user_997,under20,blue_small
user_998,under20,blue_small
user_999,under20,blue_small
user_1000,under20,blue_small
user_1001,under20,blue_small
user_1002,under20,blue_small
user_1003,under20,blue_small
user_1004,under20,blue_small
user_1005,under20,blue_small
user_1006,under20,blue_small
user_1007,under20,blue_small
user_1008,under20,blue_small
user_1009,under20,blue_small
user_1010,under20,blue_small
user_1011,under20,blue_small
user_1012,under20,blue_small
user_1013,under20,blue_small
user_1014,under20,blue_small
user_1015,under20,blue_small
user_1016,under20,blue_small
user_1017,under20,blue_small
user_1018,under20,blue_small
user_1019,under20,blue_small
user_1020,under20,blue_small
user_1021,under20,blue_small
user_1022,under20,blue_small
user_1023,under20,blue_small
user_1024,under20,blue_small
user_1025,under20,blue_small
user_1026,under20,blue_small
user_1027,under20,blue_small
user_1028,under20,blue_small
user_1029,under20,blue_small
user_1030,under20,blue_small
user_1031,under20,blue_small
user_1032,under20,blue_small
user_1033,under20,blue_small
user_1034,under20,blue_small
user_1035,under20,blue_small
user_1036,under20,blue_small
user_1037,under20,blue_small
user_1038,under20,blue_small
user_1039,under20,blue_small
user_1040,under20,blue_small
user_1041,under20,blue_small
user_1042,under20,blue_small
user_1043,under20,blue_small
user_1044,under20,blue_small
user_1045,under20,blue_small
user_1046,under20,blue_small
user_1047,under20,blue_small
user_1048,under20,blue_small
user_1049,under20,blue_small
user_1050,under20,blue_small
user_1051,under20,blue_small
user_1052,under20,blue_small
user_1053,under20,blue_small
user_1054,under20,blue_small
user_1055,under20,blue_small
user_1056,under20,blue_small
user_1057,under20,blue_small
user_1058,under20,blue_small
user_1059,under20,blue_small
user_1060,under20,blue_small
user_1061,under20,blue_small
user_1062,under20,blue_small
user_1063,under20,blue_small
user_1064,under20,blue_small
user_1065,under20,blue_small
user_1066,under20,blue_small
user_1067,under20,blue_small
user_1068,under20,blue_small
user_1069,under20,blue_small
user_1070,under20,blue_small
user_1071,under20,blue_small
user_1072,under20,blue_small
user_1073,under20,blue_small
user_1074,under20,blue_small
user_1075,under20,blue_small
user_1076,under20,blue_small
user_1077,under20,blue_small
user_1078,under20,blue_small
user_1079,under20,blue_small
user_1080,under20,blue_small
user_1081,under20,blue_small
user_1082,under20,blue_small
user_1083,under20,blue_small
user_1084,under20,blue_small
user_1085,under20,blue_small
user_1086,under20,blue_small
user_1087,under20,blue_small
user_1088,under20,blue_small
user_1089,under20,blue_small
user_1090,under20,blue_small
user_1091,under20,blue_small
user_1092,under20,blue_small
user_1093,under20,blue_small
user_1094,under20,blue_small
user_1095,under20,blue_small
user_1096,under20,blue_small
user_1097,under20,blue_small
user_1098,under20,blue_small
user_1099,under20,blue_small
user_1100,under20,blue_small
user_1101,under20,blue_small
user_1102,under20,blue_small
user_1103,under20,blue_small
user_1104,under20,blue_small
user_1105,under20,blue_small
user_1106,under20,blue_small
user_1107,under20,blue_small
user_1108,under20,blue_small
user_1109,under20,blue_small
user_1110,under20,blue_small
user_1111,under20,blue_small
user_1112,under20,blue_small
user_1113,under20,blue_small
user_1114,under20,blue_small
user_1115,under20,blue_small
user_1116,under20,blue_small
user_1117,under20,blue_small
user_1118,under20,blue_small
user_1119,under20,blue_small
user_1120,under20,blue_small
user_1121,under20,blue_small
user_1122,under20,blue_small
user_1123,under20,blue_small
user_1124,under20,blue_small
user_1125,under20,blue_small
user_1126,under20,blue_small
user_1127,under20,blue_small
user_1128,under20,blue_small
user_1129,under20,blue_small
user_1130,under20,blue_small
user_1131,under20,blue_small
user_1132,under20,blue_small
user_1133,under20,blue_small
user_1134,under20,blue_small
user_1135,under20,blue_small
user_1136,under20,blue_small
user_1137,under20,blue_small
user_1138,under20,blue_small
user_1139,under20,blue_small
user_1140,under20,blue_small
user_1141,under20,blue_small
user_1142,under20,blue_small
user_1143,under20,blue_small
user_1144,under20,blue_small
user_1145,under20,blue_small
user_1146,under20,blue_small
user_1147,under20,blue_small
user_1148,under20,blue_small
user_1149,under20,blue_small
user_1150,under20,blue_small
user_1151,under20,blue_small
user_1152,under20,blue_small
user_1153,under20,blue_small
user_1154,under20,blue_small
user_1155,under20,blue_small
user_1156,under20,blue_small
user_1157,under20,blue_small
user_1158,under20,blue_small
user_1159,under20,blue_small
user_1160,under20,blue_small
user_1161,under20,blue_small
user_1162,under20,blue_small
user_1163,under20,blue_small
user_1164,under20,blue_small
user_1165,under20,blue_small
user_1166,under20,blue_small
user_1167,under20,blue_small
user_1168,under20,blue_small
user_1169,under20,blue_small
user_1170,under20,blue_small
user_1171,under20,blue_small
user_1172,under20,blue_small
user_1173,under20,blue_small
user_1174,under20,blue_small
user_1175,under20,blue_small
user_1176,under20,blue_small
user_1177,under20,blue_small
user_1178,under20,blue_small
user_1179,under20,blue_small
user_1180,under20,blue_small
user_1181,under20,blue_small
user_1182,under20,blue_small
user_1183,under20,blue_small
user_1184,under20,blue_small
user_1185,under20,blue_small
user_1186,under20,blue_small
user_1187,under20,blue_small
user_1188,under20,blue_small
user_1189,under20,blue_small
user_1190,under20,blue_small
user_1191,under20,blue_small
user_1192,under20,blue_small
user_1193,under20,blue_small
user_1194,under20,blue_small
user_1195,under20,blue_small
user_1196,under20,blue_small
user_1197,under20,blue_small
user_1198,under20,blue_small
user_1199,under20,blue_small
user_1200,under20,blue_small
user_1201,under20,blue_large
user_1202,under20,blue_large
user_1203,under20,blue_large
user_1204,under20,blue_large
user_1205,under20,blue_large
user_1206,under20,blue_large
user_1207,under20,blue_large
user_1208,under20,blue_large
user_1209,under20,blue_large
user_1210,under20,blue_large
user_1211,under20,blue_large
user_1212,under20,blue_large
user_1213,under20,blue_large
user_1214,under20,blue_large
user_1215,under20,blue_large
user_1216,under20,blue_large
user_1217,under20,blue_large
user_1218,under20,blue_large
user_1219,under20,blue_large
user_1220,under20,blue_large
user_1221,under20,blue_large
user_1222,under20,blue_large
user_1223,under20,blue_large
user_1224,under20,blue_large
user_1225,under20,blue_large
user_1226,under20,blue_large
user_1227,under20,blue_large
user_1228,under20,blue_large
user_1229,under20,blue_large
user_1230,under20,blue_large
user_1231,under20,blue_large
user_1232,under20,blue_large
user_1233,under20,blue_large
user_1234,under20,blue_large
user_1235,under20,blue_large
user_1236,under20,blue_large
user_1237,under20,blue_large
user_1238,under20,blue_large
user_1239,under20,blue_large
user_1240,under20,blue_large
user_1241,under20,blue_large
user_1242,under20,blue_large
user_1243,under20,blue_large
user_1244,under20,blue_large
user_1245,under20,blue_large
user_1246,under20,blue_large
user_1247,under20,blue_large
user_1248,under20,blue_large
user_1249,under20,blue_large
user_1250,under20,blue_large
user_1251,under20,blue_large
user_1252,under20,blue_large
user_1253,under20,blue_large
user_1254,under20,blue_large
user_1255,under20,blue_large
user_1256,under20,blue_large
user_1257,under20,blue_large
user_1258,under20,blue_large
user_1259,under20,blue_large
user_1260,under20,blue_large
user_1261,under20,blue_large
user_1262,under20,blue_large
user_1263,under20,blue_large
user_1264,under20,blue_large
user_1265,under20,blue_large
user_1266,under20,blue_large
user_1267,under20,blue_large
user_1268,under20,blue_large
user_1269,under20,blue_large
user_1270,under20,blue_large
user_1271,under20,blue_large
user_1272,under20,blue_large
user_1273,under20,blue_large
user_1274,under20,blue_large
user_1275,under20,blue_large
user_1276,under20,blue_large
user_1277,under20,blue_large
user_1278,under20,blue_large
user_1279,under20,blue_large
user_1280,under20,blue_large
user_1281,under20,blue_large
user_1282,under20,blue_large
user_1283,under20,blue_large
user_1284,under20,blue_large
user_1285,under20,blue_large
user_1286,under20,blue_large
user_1287,under20,blue_large
user_1288,under20,blue_large
user_1289,under20,blue_large
user_1290,under20,blue_large
user_1291,under20,blue_large
user_1292,under20,blue_large
user_1293,under20,blue_large
user_1294,under20,blue_large
user_1295,under20,blue_large
user_1296,under20,blue_large
user_1297,under20,blue_large
user_1298,under20,blue_large
user_1299,under20,blue_large
user_1300,under20,blue_large
user_1301,under20,blue_large
user_1302,under20,blue_large
user_1303,under20,blue_large
user_1304,under20,blue_large
user_1305,under20,blue_large
user_1306,under20,blue_large
user_1307,under20,blue_large
user_1308,under20,blue_large
user_1309,under20,blue_large
user_1310,under20,blue_large
user_1311,under20,blue_large
user_1312,under20,blue_large
user_1313,under20,blue_large
user_1314,under20,blue_large
user_1315,under20,blue_large
user_1316,under20,blue_large
user_1317,under20,blue_large
user_1318,under20,blue_large
user_1319,under20,blue_large
user_1320,under20,blue_large
user_1321,under20,blue_large
user_1322,under20,blue_large
user_1323,under20,blue_large
user_1324,under20,blue_large
user_1325,under20,blue_large
user_1326,under20,blue_large
user_1327,under20,blue_large
user_1328,under20,blue_large
user_1329,under20,blue_large
user_1330,under20,blue_large
user_1331,under20,blue_large
user_1332,under20,blue_large
user_1333,under20,blue_large
user_1334,under20,blue_large
user_1335,under20,blue_large
user_1336,under20,blue_large
user_1337,under20,blue_large
user_1338,under20,blue_large
user_1339,under20,blue_large
user_1340,under20,blue_large
user_1341,under20,blue_large
user_1342,under20,blue_large
user_1343,under20,blue_large
user_1344,under20,blue_large
user_1345,under20,blue_large
user_1346,under20,blue_large
user_1347,under20,blue_large
user_1348,under20,blue_large
user_1349,under20,blue_large
user_1350,under20,blue_large
user_1351,under20,blue_large
user_1352,under20,blue_large
user_1353,under20,blue_large
user_1354,under20,blue_large
user_1355,under20,blue_large
user_1356,under20,blue_large
user_1357,under20,blue_large
user_1358,under20,blue_large
user_1359,under20,blue_large
user_1360,under20,blue_large
user_1361,under20,blue_large
user_1362,under20,blue_large
user_1363,under20,blue_large
user_1364,under20,blue_large
user_1365,under20,blue_large
user_1366,under20,blue_large
user_1367,under20,blue_large
user_1368,under20,blue_large
user_1369,under20,blue_large
user_1370,under20,blue_large
user_1371,under20,blue_large
user_1372,under20,blue_large
user_1373,under20,blue_large
user_1374,under20,blue_large
user_1375,under20,blue_large
user_1376,under20,blue_large
user_1377,under20,blue_large
user_1378,under20,blue_large
user_1379,under20,blue_large
user_1380,under20,blue_large
user_1381,under20,blue_large
user_1382,under20,blue_large
user_1383,under20,blue_large
user_1384,under20,blue_large
user_1385,under20,blue_large
user_1386,under20,blue_large
user_1387,under20,blue_large
user_1388,under20,blue_large
user_1389,under20,blue_large
user_1390,under20,blue_large
user_1391,under20,blue_large
user_1392,under20,blue_large
user_1393,under20,blue_large
user_1394,under20,blue_large
user_1395,under20,blue_large
user_1396,under20,blue_large
user_1397,under20,blue_large
user_1398,under20,blue_large
user_1399,under20,blue_large
user_1400,under20,blue_large
user_1401,under20,blue_large
user_1402,under20,blue_large
user_1403,under20,blue_large
user_1404,under20,blue_large
user_1405,under20,blue_large
user_1406,under20,blue_large
user_1407,under20,blue_large
user_1408,under20,blue_large
user_1409,under20,blue_large
user_1410,under20,blue_large
user_1411,under20,blue_large
user_1412,under20,blue_large
user_1413,under20,blue_large
user_1414,under20,blue_large
user_1415,under20,blue_large
user_1416,under20,blue_large
user_1417,under20,blue_large
user_1418,under20,blue_large
user_1419,under20,blue_large
user_1420,under20,blue_large
user_1421,under20,blue_large
user_1422,under20,blue_large
user_1423,under20,blue_large
user_1424,under20,blue_large
user_1425,under20,blue_large
user_1426,under20,blue_large
user_1427,under20,blue_large
user_1428,under20,blue_large
user_1429,under20,blue_large
user_1430,under20,blue_large
user_1431,under20,blue_large
user_1432,under20,blue_large
user_1433,under20,blue_large
user_1434,under20,blue_large
user_1435,under20,blue_large
user_1436,under20,blue_large
user_1437,under20,blue_large
user_1438,under20,blue_large
user_1439,under20,blue_large
user_1440,under20,blue_large
user_1441,under20,blue_large
user_1442,under20,blue_large
user_1443,under20,blue_large
user_1444,under20,blue_large
user_1445,under20,blue_large
user_1446,under20,blue_large
user_1447,under20,blue_large
user_1448,under20,blue_large
user_1449,under20,blue_large
user_1450,under20,blue_large
user_1451,under20,blue_large
user_1452,under20,blue_large
user_1453,under20,blue_large
user_1454,under20,blue_large
user_1455,under20,blue_large
user_1456,under20,blue_large
user_1457,under20,blue_large
user_1458,under20,blue_large
user_1459,under20,blue_large
user_1460,under20,blue_large
user_1461,under20,blue_large
user_1462,under20,blue_large
user_1463,under20,blue_large
user_1464,under20,blue_large
user_1465,under20,blue_large
user_1466,under20,blue_large
user_1467,under20,blue_large
user_1468,under20,blue_large
user_1469,under20,blue_large
user_1470,under20,blue_large
user_1471,under20,blue_large
user_1472,under20,blue_large
user_1473,under20,blue_large
user_1474,under20,blue_large
user_1475,under20,blue_large
user_1476,under20,blue_large
user_1477,under20,blue_large
user_1478,under20,blue_large
user_1479,under20,blue_large
user_1480,under20,blue_large
user_1481,under20,blue_large
user_1482,under20,blue_large
user_1483,under20,blue_large
user_1484,under20,blue_large
user_1485,under20,blue_large
user_1486,under20,blue_large
user_1487,under20,blue_large
user_1488,under20,blue_large
user_1489,under20,blue_large
user_1490,under20,blue_large
user_1491,under20,blue_large
user_1492,under20,blue_large
user_1493,under20,blue_large
user_1494,under20,blue_large
user_1495,under20,blue_large
user_1496,under20,blue_large
user_1497,under20,blue_large
user_1498,under20,blue_large
user_1499,under20,blue_large
user_1500,under20,blue_large
user_1501,under20,blue_large
user_1502,under20,blue_large
user_1503,under20,blue_large
user_1504,under20,blue_large
user_1505,under20,blue_large
user_1506,under20,blue_large
user_1507,under20,blue_large
user_1508,under20,blue_large
user_1509,under20,blue_large
user_1510,under20,blue_large
user_1511,under20,blue_large
user_1512,under20,blue_large
user_1513,under20,blue_large
user_1514,under20,blue_large
user_1515,under20,blue_large
user_1516,under20,blue_large
user_1517,under20,blue_large
user_1518,under20,blue_large
user_1519,under20,blue_large
user_1520,under20,blue_large
user_1521,under20,blue_large
user_1522,under20,blue_large
user_1523,under20,blue_large
user_1524,under20,blue_large
user_1525,under20,blue_large
user_1526,under20,blue_large
user_1527,under20,blue_large
user_1528,under20,blue_large
user_1529,under20,blue_large
user_1530,under20,blue_large
user_1531,under20,blue_large
user_1532,under20,blue_large
user_1533,under20,blue_large
user_1534,under20,blue_large
user_1535,under20,blue_large
user_1536,under20,blue_large
user_1537,under20,blue_large
user_1538,under20,blue_large
user_1539,under20,blue_large
user_1540,under20,blue_large
user_1541,under20,blue_large
user_1542,under20,blue_large
user_1543,under20,blue_large
user_1544,under20,blue_large
user_1545,under20,blue_large
user_1546,under20,blue_large
user_1547,under20,blue_large
user_1548,under20,blue_large
user_1549,under20,blue_large
user_1550,under20,blue_large
user_1551,under20,blue_large
user_1552,under20,blue_large
user_1553,under20,blue_large
user_1554,under20,blue_large
user_1555,under20,blue_large
user_1556,under20,blue_large
user_1557,under20,blue_large
user_1558,under20,blue_large
user_1559,under20,blue_large
user_1560,under20,blue_large
user_1561,under20,blue_large
user_1562,under20,blue_large
user_1563,under20,blue_large
user_1564,under20,blue_large
user_1565,under20,blue_large
user_1566,under20,blue_large
user_1567,under20,blue_large
user_1568,under20,blue_large
user_1569,under20,blue_large
user_1570,under20,blue_large
user_1571,under20,blue_large
user_1572,under20,blue_large
user_1573,under20,blue_large
user_1574,under20,blue_large
user_1575,under20,blue_large
user_1576,under20,blue_large
user_1577,under20,blue_large
user_1578,under20,blue_large
user_1579,under20,blue_large
user_1580,under20,blue_large
user_1581,under20,blue_large
user_1582,under20,blue_large
user_1583,under20,blue_large
user_1584,under20,blue_large
user_1585,under20,blue_large
user_1586,under20,blue_large
user_1587,under20,blue_large
user_1588,under20,blue_large
user_1589,under20,blue_large
user_1590,under20,blue_large
user_1591,under20,blue_large
user_1592,under20,blue_large
user_1593,under20,blue_large
user_1594,under20,blue_large
user_1595,under20,blue_large
user_1596,under20,blue_large
user_1597,under20,blue_large
user_1598,under20,blue_large
user_1599,under20,blue_large
user_1600,under20,blue_large
user_1601,over20,red_small
user_1602,over20,red_small
user_1603,over20,red_small
user_1604,over20,red_small
user_1605,over20,red_small
user_1606,over20,red_small
user_1607,over20,red_small
user_1608,over20,red_small
user_1609,over20,red_small
user_1610,over20,red_small
user_1611,over20,red_small
user_1612,over20,red_small
user_1613,over20,red_small
user_1614,over20,red_small
user_1615,over20,red_small
user_1616,over20,red_small
user_1617,over20,red_small
user_1618,over20,red_small
user_1619,over20,red_small
user_1620,over20,red_small
user_1621,over20,red_small
user_1622,over20,red_small
user_1623,over20,red_small
user_1624,over20,red_small
user_1625,over20,red_small
user_1626,over20,red_small
user_1627,over20,red_small
user_1628,over20,red_small
user_1629,over20,red_small
user_1630,over20,red_small
user_1631,over20,red_small
user_1632,over20,red_small
user_1633,over20,red_small
user_1634,over20,red_small
user_1635,over20,red_small
user_1636,over20,red_small
user_1637,over20,red_small
user_1638,over20,red_small
user_1639,over20,red_small
user_1640,over20,red_small
user_1641,over20,red_small
user_1642,over20,red_small
user_1643,over20,red_small
user_1644,over20,red_small
user_1645,over20,red_small
user_1646,over20,red_small
user_1647,over20,red_small
user_1648,over20,red_small
user_1649,over20,red_small
user_1650,over20,red_small
user_1651,over20,red_small
user_1652,over20,red_small
user_1653,over20,red_small
user_1654,over20,red_small
user_1655,over20,red_small
user_1656,over20,red_small
user_1657,over20,red_small
user_1658,over20,red_small
user_1659,over20,red_small
user_1660,over20,red_small
user_1661,over20,red_small
user_1662,over20,red_small
user_1663,over20,red_small
user_1664,over20,red_small
user_1665,over20,red_small
user_1666,over20,red_small
user_1667,over20,red_small
user_1668,over20,red_small
user_1669,over20,red_small
user_1670,over20,red_small
user_1671,over20,red_small
user_1672,over20,red_small
user_1673,over20,red_small
user_1674,over20,red_small
user_1675,over20,red_small
user_1676,over20,red_small
user_1677,over20,red_small
user_1678,over20,red_small
user_1679,over20,red_small
user_1680,over20,red_small
user_1681,over20,red_small
user_1682,over20,red_small
user_1683,over20,red_small
user_1684,over20,red_small
user_1685,over20,red_small
user_1686,over20,red_small
user_1687,over20,red_small
user_1688,over20,red_small
user_1689,over20,red_small
user_1690,over20,red_small
user_1691,over20,red_small
user_1692,over20,red_small
user_1693,over20,red_small
user_1694,over20,red_small
user_1695,over20,red_small
user_1696,over20,red_small
user_1697,over20,red_small
user_1698,over20,red_small
user_1699,over20,red_small
user_1700,over20,red_small
user_1701,over20,red_small
user_1702,over20,red_small
user_1703,over20,red_small
user_1704,over20,red_small
user_1705,over20,red_small
user_1706,over20,red_small
user_1707,over20,red_small
user_1708,over20,red_small
user_1709,over20,red_small
user_1710,over20,red_small
user_1711,over20,red_small
user_1712,over20,red_small
user_1713,over20,red_small
user_1714,over20,red_small
user_1715,over20,red_small
user_1716,over20,red_small
user_1717,over20,red_small
user_1718,over20,red_small
user_1719,over20,red_small
user_1720,over20,red_small
user_1721,over20,red_small
user_1722,over20,red_small
user_1723,over20,red_small
user_1724,over20,red_small
user_1725,over20,red_small
user_1726,over20,red_small
user_1727,over20,red_small
user_1728,over20,red_small
user_1729,over20,red_small
user_1730,over20,red_small
user_1731,over20,red_small
user_1732,over20,red_small
user_1733,over20,red_small
user_1734,over20,red_small
user_1735,over20,red_small
user_1736,over20,red_small
user_1737,over20,red_small
user_1738,over20,red_small
user_1739,over20,red_small
user_1740,over20,red_small
user_1741,over20,red_small
user_1742,over20,red_small
user_1743,over20,red_small
user_1744,over20,red_small
user_1745,over20,red_small
user_1746,over20,red_small
user_1747,over20,red_small
user_1748,over20,red_small
user_1749,over20,red_small
user_1750,over20,red_small
user_1751,over20,red_small
user_1752,over20,red_small
user_1753,over20,red_small
user_1754,over20,red_small
user_1755,over20,red_small
user_1756,over20,red_small
user_1757,over20,red_small
user_1758,over20,red_small
user_1759,over20,red_small
user_1760,over20,red_small
user_1761,over20,red_small
user_1762,over20,red_small
user_1763,over20,red_small
user_1764,over20,red_small
user_1765,over20,red_small
user_1766,over20,red_small
user_1767,over20,red_small
user_1768,over20,red_small
user_1769,over20,red_small
user_1770,over20,red_small
user_1771,over20,red_small
user_1772,over20,red_small
user_1773,over20,red_small
user_1774,over20,red_small
user_1775,over20,red_small
user_1776,over20,red_small
user_1777,over20,red_small
user_1778,over20,red_small
user_1779,over20,red_small
user_1780,over20,red_small
user_1781,over20,red_small
user_1782,over20,red_small
user_1783,over20,red_small
user_1784,over20,red_small
user_1785,over20,red_small
user_1786,over20,red_small
user_1787,over20,red_small
user_1788,over20,red_small
user_1789,over20,red_small
user_1790,over20,red_small
user_1791,over20,red_small
user_1792,over20,red_small
user_1793,over20,red_small
user_1794,over20,red_small
user_1795,over20,red_small
user_1796,over20,red_small
user_1797,over20,red_small
user_1798,over20,red_small
user_1799,over20,red_small
user_1800,over20,red_small
user_1801,over20,red_small
user_1802,over20,red_small
user_1803,over20,red_small
user_1804,over20,red_small
user_1805,over20,red_small
user_1806,over20,red_small
user_1807,over20,red_small
user_1808,over20,red_small
user_1809,over20,red_small
user_1810,over20,red_small
user_1811,over20,red_small
user_1812,over20,red_small
user_1813,over20,red_small
user_1814,over20,red_small
user_1815,over20,red_small
user_1816,over20,red_small
user_1817,over20,red_small
user_1818,over20,red_small
user_1819,over20,red_small
user_1820,over20,red_small
user_1821,over20,red_small
user_1822,over20,red_small
user_1823,over20,red_small
user_1824,over20,red_small
user_1825,over20,red_small
user_1826,over20,red_small
user_1827,over20,red_small
user_1828,over20,red_small
user_1829,over20,red_small
user_1830,over20,red_small
user_1831,over20,red_small
user_1832,over20,red_small
user_1833,over20,red_small
user_1834,over20,red_small
user_1835,over20,red_small
user_1836,over20,red_small
user_1837,over20,red_small
user_1838,over20,red_small
user_1839,over20,red_small
user_1840,over20,red_small
user_1841,over20,red_small
user_1842,over20,red_small
user_1843,over20,red_small
user_1844,over20,red_small
user_1845,over20,red_small
user_1846,over20,red_small
user_1847,over20,red_small
user_1848,over20,red_small
user_1849,over20,red_small
user_1850,over20,red_small
user_1851,over20,red_small
user_1852,over20,red_small
user_1853,over20,red_small
user_1854,over20,red_small
user_1855,over20,red_small
user_1856,over20,red_small
user_1857,over20,red_small
user_1858,over20,red_small
user_1859,over20,red_small
user_1860,over20,red_small
user_1861,over20,red_small
user_1862,over20,red_small
user_1863,over20,red_small
user_1864,over20,red_small
user_1865,over20,red_small
user_1866,over20,red_small
user_1867,over20,red_small
user_1868,over20,red_small
user_1869,over20,red_small
user_1870,over20,red_small
user_1871,over20,red_small
user_1872,over20,red_small
user_1873,over20,red_small
user_1874,over20,red_small
user_1875,over20,red_small
user_1876,over20,red_small
user_1877,over20,red_small
user_1878,over20,red_small
user_1879,over20,red_small
user_1880,over20,red_small
user_1881,over20,red_small
user_1882,over20,red_small
user_1883,over20,red_small
user_1884,over20,red_small
user_1885,over20,red_small
user_1886,over20,red_small
user_1887,over20,red_small
user_1888,over20,red_small
user_1889,over20,red_small
user_1890,over20,red_small
user_1891,over20,red_small
user_1892,over20,red_small
user_1893,over20,red_small
user_1894,over20,red_small
user_1895,over20,red_small
user_1896,over20,red_small
user_1897,over20,red_small
user_1898,over20,red_small
user_1899,over20,red_small
user_1900,over20,red_small
user_1901,over20,red_small
user_1902,over20,red_small
user_1903,over20,red_small
user_1904,over20,red_small
user_1905,over20,red_small
user_1906,over20,red_small
user_1907,over20,red_small
user_1908,over20,red_small
user_1909,over20,red_small
user_1910,over20,red_small
user_1911,over20,red_small
user_1912,over20,red_small
user_1913,over20,red_small
user_1914,over20,red_small
user_1915,over20,red_small
user_1916,over20,red_small
user_1917,over20,red_small
user_1918,over20,red_small
user_1919,over20,red_small
user_1920,over20,red_small
user_1921,over20,red_small
user_1922,over20,red_small
user_1923,over20,red_small
user_1924,over20,red_small
user_1925,over20,red_small
user_1926,over20,red_small
user_1927,over20,red_small
user_1928,over20,red_small
user_1929,over20,red_small
user_1930,over20,red_small
user_1931,over20,red_small
user_1932,over20,red_small
user_1933,over20,red_small
user_1934,over20,red_small
user_1935,over20,red_small
user_1936,over20,red_small
user_1937,over20,red_small
user_1938,over20,red_small
user_1939,over20,red_small
user_1940,over20,red_small
user_1941,over20,red_small
user_1942,over20,red_small
user_1943,over20,red_small
user_1944,over20,red_small
user_1945,over20,red_small
user_1946,over20,red_small
user_1947,over20,red_small
user_1948,over20,red_small
user_1949,over20,red_small
user_1950,over20,red_small
user_1951,over20,red_small
user_1952,over20,red_small
user_1953,over20,red_small
user_1954,over20,red_small
user_1955,over20,red_small
user_1956,over20,red_small
user_1957,over20,red_small
user_1958,over20,red_small
user_1959,over20,red_small
user_1960,over20,red_small
user_1961,over20,red_small
user_1962,over20,red_small
user_1963,over20,red_small
user_1964,over20,red_small
user_1965,over20,red_small
user_1966,over20,red_small
user_1967,over20,red_small
user_1968,over20,red_small
user_1969,over20,red_small
user_1970,over20,red_small
user_1971,over20,red_small
user_1972,over20,red_small
user_1973,over20,red_small
user_1974,over20,red_small
user_1975,over20,red_small
user_1976,over20,red_small
user_1977,over20,red_small
user_1978,over20,red_small
user_1979,over20,red_small
user_1980,over20,red_small
user_1981,over20,red_small
user_1982,over20,red_small
user_1983,over20,red_small
user_1984,over20,red_small
user_1985,over20,red_small
user_1986,over20,red_small
user_1987,over20,red_small
user_1988,over20,red_small
user_1989,over20,red_small
user_1990,over20,red_small
user_1991,over20,red_small
user_1992,over20,red_small
user_1993,over20,red_small
user_1994,over20,red_small
user_1995,over20,red_small
user_1996,over20,red_small
user_1997,over20,red_small
user_1998,over20,red_small
user_1999,over20,red_small
user_2000,over20,red_small
user_2001,over20,red_large
user_2002,over20,red_large
user_2003,over20,red_large
user_2004,over20,red_large
user_2005,over20,red_large
user_2006,over20,red_large
user_2007,over20,red_large
user_2008,over20,red_large
user_2009,over20,red_large
user_2010,over20,red_large
user_2011,over20,red_large
user_2012,over20,red_large
user_2013,over20,red_large
user_2014,over20,red_large
user_2015,over20,red_large
user_2016,over20,red_large
user_2017,over20,red_large
user_2018,over20,red_large
user_2019,over20,red_large
user_2020,over20,red_large
user_2021,over20,red_large
user_2022,over20,red_large
user_2023,over20,red_large
user_2024,over20,red_large
user_2025,over20,red_large
user_2026,over20,red_large
user_2027,over20,red_large
user_2028,over20,red_large
user_2029,over20,red_large
user_2030,over20,red_large
user_2031,over20,red_large
user_2032,over20,red_large
user_2033,over20,red_large
user_2034,over20,red_large
user_2035,over20,red_large
user_2036,over20,red_large
user_2037,over20,red_large
user_2038,over20,red_large
user_2039,over20,red_large
user_2040,over20,red_large
user_2041,over20,red_large
user_2042,over20,red_large
user_2043,over20,red_large
user_2044,over20,red_large
user_2045,over20,red_large
user_2046,over20,red_large
user_2047,over20,red_large
user_2048,over20,red_large
user_2049,over20,red_large
user_2050,over20,red_large
user_2051,over20,red_large
user_2052,over20,red_large
user_2053,over20,red_large
user_2054,over20,red_large
user_2055,over20,red_large
user_2056,over20,red_large
user_2057,over20,red_large
user_2058,over20,red_large
user_2059,over20,red_large
user_2060,over20,red_large
user_2061,over20,red_large
user_2062,over20,red_large
user_2063,over20,red_large
user_2064,over20,red_large
user_2065,over20,red_large
user_2066,over20,red_large
user_2067,over20,red_large
user_2068,over20,red_large
user_2069,over20,red_large
user_2070,over20,red_large
user_2071,over20,red_large
user_2072,over20,red_large
user_2073,over20,red_large
user_2074,over20,red_large
user_2075,over20,red_large
user_2076,over20,red_large
user_2077,over20,red_large
user_2078,over20,red_large
user_2079,over20,red_large
user_2080,over20,red_large
user_2081,over20,red_large
user_2082,over20,red_large
user_2083,over20,red_large
user_2084,over20,red_large
user_2085,over20,red_large
user_2086,over20,red_large
user_2087,over20,red_large
user_2088,over20,red_large
user_2089,over20,red_large
user_2090,over20,red_large
user_2091,over20,red_large
user_2092,over20,red_large
user_2093,over20,red_large
user_2094,over20,red_large
user_2095,over20,red_large
user_2096,over20,red_large
user_2097,over20,red_large
user_2098,over20,red_large
user_2099,over20,red_large
user_2100,over20,red_large
user_2101,over20,red_large
user_2102,over20,red_large
user_2103,over20,red_large
user_2104,over20,red_large
user_2105,over20,red_large
user_2106,over20,red_large
user_2107,over20,red_large
user_2108,over20,red_large
user_2109,over20,red_large
user_2110,over20,red_large
user_2111,over20,red_large
user_2112,over20,red_large
user_2113,over20,red_large
user_2114,over20,red_large
user_2115,over20,red_large
user_2116,over20,red_large
user_2117,over20,red_large
user_2118,over20,red_large
user_2119,over20,red_large
user_2120,over20,red_large
user_2121,over20,red_large
user_2122,over20,red_large
user_2123,over20,red_large
user_2124,over20,red_large
user_2125,over20,red_large
user_2126,over20,red_large
user_2127,over20,red_large
user_2128,over20,red_large
user_2129,over20,red_large
user_2130,over20,red_large
user_2131,over20,red_large
user_2132,over20,red_large
user_2133,over20,red_large
user_2134,over20,red_large
user_2135,over20,red_large
user_2136,over20,red_large
user_2137,over20,red_large
user_2138,over20,red_large
user_2139,over20,red_large
user_2140,over20,red_large
user_2141,over20,red_large
user_2142,over20,red_large
user_2143,over20,red_large
user_2144,over20,red_large
user_2145,over20,red_large
user_2146,over20,red_large
user_2147,over20,red_large
user_2148,over20,red_large
user_2149,over20,red_large
user_2150,over20,red_large
user_2151,over20,red_large
user_2152,over20,red_large
user_2153,over20,red_large
user_2154,over20,red_large
user_2155,over20,red_large
user_2156,over20,red_large
user_2157,over20,red_large
user_2158,over20,red_large
user_2159,over20,red_large
user_2160,over20,red_large
user_2161,over20,red_large
user_2162,over20,red_large
user_2163,over20,red_large
user_2164,over20,red_large
user_2165,over20,red_large
user_2166,over20,red_large
user_2167,over20,red_large
user_2168,over20,red_large
user_2169,over20,red_large
user_2170,over20,red_large
user_2171,over20,red_large
user_2172,over20,red_large
user_2173,over20,red_large
user_2174,over20,red_large
user_2175,over20,red_large
user_2176,over20,red_large
user_2177,over20,red_large
user_2178,over20,red_large
user_2179,over20,red_large
user_2180,over20,red_large
user_2181,over20,red_large
user_2182,over20,red_large
user_2183,over20,red_large
user_2184,over20,red_large
user_2185,over20,red_large
user_2186,over20,red_large
user_2187,over20,red_large
user_2188,over20,red_large
user_2189,over20,red_large
user_2190,over20,red_large
user_2191,over20,red_large
user_2192,over20,red_large
user_2193,over20,red_large
user_2194,over20,red_large
user_2195,over20,red_large
user_2196,over20,red_large
user_2197,over20,red_large
user_2198,over20,red_large
user_2199,over20,red_large
user_2200,over20,red_large
user_2201,over20,red_large
user_2202,over20,red_large
user_2203,over20,red_large
user_2204,over20,red_large
user_2205,over20,red_large
user_2206,over20,red_large
user_2207,over20,red_large
user_2208,over20,red_large
user_2209,over20,red_large
user_2210,over20,red_large
user_2211,over20,red_large
user_2212,over20,red_large
user_2213,over20,red_large
user_2214,over20,red_large
user_2215,over20,red_large
user_2216,over20,red_large
user_2217,over20,red_large
user_2218,over20,red_large
user_2219,over20,red_large
user_2220,over20,red_large
user_2221,over20,red_large
user_2222,over20,red_large
user_2223,over20,red_large
user_2224,over20,red_large
user_2225,over20,red_large
user_2226,over20,red_large
user_2227,over20,red_large
user_2228,over20,red_large
user_2229,over20,red_large
user_2230,over20,red_large
user_2231,over20,red_large
user_2232,over20,red_large
user_2233,over20,red_large
user_2234,over20,red_large
user_2235,over20,red_large
user_2236,over20,red_large
user_2237,over20,red_large
user_2238,over20,red_large
user_2239,over20,red_large
user_2240,over20,red_large
user_2241,over20,red_large
user_2242,over20,red_large
user_2243,over20,red_large
user_2244,over20,red_large
user_2245,over20,red_large
user_2246,over20,red_large
user_2247,over20,red_large
user_2248,over20,red_large
user_2249,over20,red_large
user_2250,over20,red_large
user_2251,over20,red_large
user_2252,over20,red_large
user_2253,over20,red_large
user_2254,over20,red_large
user_2255,over20,red_large
user_2256,over20,red_large
user_2257,over20,red_large
user_2258,over20,red_large
user_2259,over20,red_large
user_2260,over20,red_large
user_2261,over20,red_large
user_2262,over20,red_large
user_2263,over20,red_large
user_2264,over20,red_large
user_2265,over20,red_large
user_2266,over20,red_large
user_2267,over20,red_large
user_2268,over20,red_large
user_2269,over20,red_large
user_2270,over20,red_large
user_2271,over20,red_large
user_2272,over20,red_large
user_2273,over20,red_large
user_2274,over20,red_large
user_2275,over20,red_large
user_2276,over20,red_large
user_2277,over20,red_large
user_2278,over20,red_large
user_2279,over20,red_large
user_2280,over20,red_large
user_2281,over20,red_large
user_2282,over20,red_large
user_2283,over20,red_large
user_2284,over20,red_large
user_2285,over20,red_large
user_2286,over20,red_large
user_2287,over20,red_large
user_2288,over20,red_large
user_2289,over20,red_large
user_2290,over20,red_large
user_2291,over20,red_large
user_2292,over20,red_large
user_2293,over20,red_large
user_2294,over20,red_large
user_2295,over20,red_large
user_2296,over20,red_large
user_2297,over20,red_large
user_2298,over20,red_large
user_2299,over20,red_large
user_2300,over20,red_large
user_2301,over20,red_large
user_2302,over20,red_large
user_2303,over20,red_large
user_2304,over20,red_large
user_2305,over20,red_large
user_2306,over20,red_large
user_2307,over20,red_large
user_2308,over20,red_large
user_2309,over20,red_large
user_2310,over20,red_large
user_2311,over20,red_large
user_2312,over20,red_large
user_2313,over20,red_large
user_2314,over20,red_large
user_2315,over20,red_large
user_2316,over20,red_large
user_2317,over20,red_large
user_2318,over20,red_large
user_2319,over20,red_large
user_2320,over20,red_large
user_2321,over20,red_large
user_2322,over20,red_large
user_2323,over20,red_large
user_2324,over20,red_large
user_2325,over20,red_large
user_2326,over20,red_large
user_2327,over20,red_large
user_2328,over20,red_large
user_2329,over20,red_large
user_2330,over20,red_large
user_2331,over20,red_large
user_2332,over20,red_large
user_2333,over20,red_large
user_2334,over20,red_large
user_2335,over20,red_large
user_2336,over20,red_large
user_2337,over20,red_large
user_2338,over20,red_large
user_2339,over20,red_large
user_2340,over20,red_large
user_2341,over20,red_large
user_2342,over20,red_large
user_2343,over20,red_large
user_2344,over20,red_large
user_2345,over20,red_large
user_2346,over20,red_large
user_2347,over20,red_large
user_2348,over20,red_large
user_2349,over20,red_large
user_2350,over20,red_large
user_2351,over20,red_large
user_2352,over20,red_large
user_2353,over20,red_large
user_2354,over20,red_large
user_2355,over20,red_large
user_2356,over20,red_large
user_2357,over20,red_large
user_2358,over20,red_large
user_2359,over20,red_large
user_2360,over20,red_large
user_2361,over20,red_large
user_2362,over20,red_large
user_2363,over20,red_large
user_2364,over20,red_large
user_2365,over20,red_large
user_2366,over20,red_large
user_2367,over20,red_large
user_2368,over20,red_large
user_2369,over20,red_large
user_2370,over20,red_large
user_2371,over20,red_large
user_2372,over20,red_large
user_2373,over20,red_large
user_2374,over20,red_large
user_2375,over20,red_large
user_2376,over20,red_large
user_2377,over20,red_large
user_2378,over20,red_large
user_2379,over20,red_large
user_2380,over20,red_large
user_2381,over20,red_large
user_2382,over20,red_large
user_2383,over20,red_large
user_2384,over20,red_large
user_2385,over20,red_large
user_2386,over20,red_large
user_2387,over20,red_large
user_2388,over20,red_large
user_2389,over20,red_large
user_2390,over20,red_large
user_2391,over20,red_large
user_2392,over20,red_large
user_2393,over20,red_large
user_2394,over20,red_large
user_2395,over20,red_large
user_2396,over20,red_large
user_2397,over20,red_large
user_2398,over20,red_large
user_2399,over20,red_large
user_2400,over20,red_large
user_2401,over20,blue_small
user_2402,over20,blue_small
user_2403,over20,blue_small
user_2404,over20,blue_small
user_2405,over20,blue_small
user_2406,over20,blue_small
user_2407,over20,blue_small
user_2408,over20,blue_small
user_2409,over20,blue_small
user_2410,over20,blue_small
user_2411,over20,blue_small
user_2412,over20,blue_small
user_2413,over20,blue_small
user_2414,over20,blue_small
user_2415,over20,blue_small
user_2416,over20,blue_small
user_2417,over20,blue_small
user_2418,over20,blue_small
user_2419,over20,blue_small
user_2420,over20,blue_small
user_2421,over20,blue_small
user_2422,over20,blue_small
user_2423,over20,blue_small
user_2424,over20,blue_small
user_2425,over20,blue_small
user_2426,over20,blue_small
user_2427,over20,blue_small
user_2428,over20,blue_small
user_2429,over20,blue_small
user_2430,over20,blue_small
user_2431,over20,blue_small
user_2432,over20,blue_small
user_2433,over20,blue_small
user_2434,over20,blue_small
user_2435,over20,blue_small
user_2436,over20,blue_small
user_2437,over20,blue_small
user_2438,over20,blue_small
user_2439,over20,blue_small
user_2440,over20,blue_small
user_2441,over20,blue_small
user_2442,over20,blue_small
user_2443,over20,blue_small
user_2444,over20,blue_small
user_2445,over20,blue_small
user_2446,over20,blue_small
user_2447,over20,blue_small
user_2448,over20,blue_small
user_2449,over20,blue_small
user_2450,over20,blue_small
user_2451,over20,blue_small
user_2452,over20,blue_small
user_2453,over20,blue_small
user_2454,over20,blue_small
user_2455,over20,blue_small
user_2456,over20,blue_small
user_2457,over20,blue_small
user_2458,over20,blue_small
user_2459,over20,blue_small
user_2460,over20,blue_small
user_2461,over20,blue_small
user_2462,over20,blue_small
user_2463,over20,blue_small
user_2464,over20,blue_small
user_2465,over20,blue_small
user_2466,over20,blue_small
user_2467,over20,blue_small
user_2468,over20,blue_small
user_2469,over20,blue_small
user_2470,over20,blue_small
user_2471,over20,blue_small
user_2472,over20,blue_small
user_2473,over20,blue_small
user_2474,over20,blue_small
user_2475,over20,blue_small
user_2476,over20,blue_small
user_2477,over20,blue_small
user_2478,over20,blue_small
user_2479,over20,blue_small
user_2480,over20,blue_small
user_2481,over20,blue_small
user_2482,over20,blue_small
user_2483,over20,blue_small
user_2484,over20,blue_small
user_2485,over20,blue_small
user_2486,over20,blue_small
user_2487,over20,blue_small
user_2488,over20,blue_small
user_2489,over20,blue_small
user_2490,over20,blue_small
user_2491,over20,blue_small
user_2492,over20,blue_small
user_2493,over20,blue_small
user_2494,over20,blue_small
user_2495,over20,blue_small
user_2496,over20,blue_small
user_2497,over20,blue_small
user_2498,over20,blue_small
user_2499,over20,blue_small
user_2500,over20,blue_small
user_2501,over20,blue_small
user_2502,over20,blue_small
user_2503,over20,blue_small
user_2504,over20,blue_small
user_2505,over20,blue_small
user_2506,over20,blue_small
user_2507,over20,blue_small
user_2508,over20,blue_small
user_2509,over20,blue_small
user_2510,over20,blue_small
user_2511,over20,blue_small
user_2512,over20,blue_small
user_2513,over20,blue_small
user_2514,over20,blue_small
user_2515,over20,blue_small
user_2516,over20,blue_small
user_2517,over20,blue_small
user_2518,over20,blue_small
user_2519,over20,blue_small
user_2520,over20,blue_small
user_2521,over20,blue_small
user_2522,over20,blue_small
user_2523,over20,blue_small
user_2524,over20,blue_small
user_2525,over20,blue_small
user_2526,over20,blue_small
user_2527,over20,blue_small
user_2528,over20,blue_small
user_2529,over20,blue_small
user_2530,over20,blue_small
user_2531,over20,blue_small
user_2532,over20,blue_small
user_2533,over20,blue_small
user_2534,over20,blue_small
user_2535,over20,blue_small
user_2536,over20,blue_small
user_2537,over20,blue_small
user_2538,over20,blue_small
user_2539,over20,blue_small
user_2540,over20,blue_small
user_2541,over20,blue_small
user_2542,over20,blue_small
user_2543,over20,blue_small
user_2544,over20,blue_small
user_2545,over20,blue_small
user_2546,over20,blue_small
user_2547,over20,blue_small
user_2548,over20,blue_small
user_2549,over20,blue_small
user_2550,over20,blue_small
user_2551,over20,blue_small
user_2552,over20,blue_small
user_2553,over20,blue_small
user_2554,over20,blue_small
user_2555,over20,blue_small
user_2556,over20,blue_small
user_2557,over20,blue_small
user_2558,over20,blue_small
user_2559,over20,blue_small
user_2560,over20,blue_small
user_2561,over20,blue_small
user_2562,over20,blue_small
user_2563,over20,blue_small
user_2564,over20,blue_small
user_2565,over20,blue_small
user_2566,over20,blue_small
user_2567,over20,blue_small
user_2568,over20,blue_small
user_2569,over20,blue_small
user_2570,over20,blue_small
user_2571,over20,blue_small
user_2572,over20,blue_small
user_2573,over20,blue_small
user_2574,over20,blue_small
user_2575,over20,blue_small
user_2576,over20,blue_small
user_2577,over20,blue_small
user_2578,over20,blue_small
user_2579,over20,blue_small
user_2580,over20,blue_small
user_2581,over20,blue_small
user_2582,over20,blue_small
user_2583,over20,blue_small
user_2584,over20,blue_small
user_2585,over20,blue_small
user_2586,over20,blue_small
user_2587,over20,blue_small
user_2588,over20,blue_small
user_2589,over20,blue_small
user_2590,over20,blue_small
user_2591,over20,blue_small
user_2592,over20,blue_small
user_2593,over20,blue_small
user_2594,over20,blue_small
user_2595,over20,blue_small
user_2596,over20,blue_small
user_2597,over20,blue_small
user_2598,over20,blue_small
user_2599,over20,blue_small
user_2600,over20,blue_small
user_2601,over20,blue_small
user_2602,over20,blue_small
user_2603,over20,blue_small
user_2604,over20,blue_small
user_2605,over20,blue_small
user_2606,over20,blue_small
user_2607,over20,blue_small
user_2608,over20,blue_small
user_2609,over20,blue_small
user_2610,over20,blue_small
user_2611,over20,blue_small
user_2612,over20,blue_small
user_2613,over20,blue_small
user_2614,over20,blue_small
user_2615,over20,blue_small
user_2616,over20,blue_small
user_2617,over20,blue_small
user_2618,over20,blue_small
user_2619,over20,blue_small
user_2620,over20,blue_small
user_2621,over20,blue_small
user_2622,over20,blue_small
user_2623,over20,blue_small
user_2624,over20,blue_small
user_2625,over20,blue_small
user_2626,over20,blue_small
user_2627,over20,blue_small
user_2628,over20,blue_small
user_2629,over20,blue_small
user_2630,over20,blue_small
user_2631,over20,blue_small
user_2632,over20,blue_small
user_2633,over20,blue_small
user_2634,over20,blue_small
user_2635,over20,blue_small
user_2636,over20,blue_small
user_2637,over20,blue_small
user_2638,over20,blue_small
user_2639,over20,blue_small
user_2640,over20,blue_small
user_2641,over20,blue_small
user_2642,over20,blue_small
user_2643,over20,blue_small
user_2644,over20,blue_small
user_2645,over20,blue_small
user_2646,over20,blue_small
user_2647,over20,blue_small
user_2648,over20,blue_small
user_2649,over20,blue_small
user_2650,over20,blue_small
user_2651,over20,blue_small
user_2652,over20,blue_small
user_2653,over20,blue_small
user_2654,over20,blue_small
user_2655,over20,blue_small
user_2656,over20,blue_small
user_2657,over20,blue_small
user_2658,over20,blue_small
user_2659,over20,blue_small
user_2660,over20,blue_small
user_2661,over20,blue_small
user_2662,over20,blue_small
user_2663,over20,blue_small
user_2664,over20,blue_small
user_2665,over20,blue_small
user_2666,over20,blue_small
user_2667,over20,blue_small
user_2668,over20,blue_small
user_2669,over20,blue_small
user_2670,over20,blue_small
user_2671,over20,blue_small
user_2672,over20,blue_small
user_2673,over20,blue_small
user_2674,over20,blue_small
user_2675,over20,blue_small
user_2676,over20,blue_small
user_2677,over20,blue_small
user_2678,over20,blue_small
user_2679,over20,blue_small
user_2680,over20,blue_small
user_2681,over20,blue_small
user_2682,over20,blue_small
user_2683,over20,blue_small
user_2684,over20,blue_small
user_2685,over20,blue_small
user_2686,over20,blue_small
user_2687,over20,blue_small
user_2688,over20,blue_small
user_2689,over20,blue_small
user_2690,over20,blue_small
user_2691,over20,blue_small
user_2692,over20,blue_small
user_2693,over20,blue_small
user_2694,over20,blue_small
user_2695,over20,blue_small
user_2696,over20,blue_small
user_2697,over20,blue_small
user_2698,over20,blue_small
user_2699,over20,blue_small
user_2700,over20,blue_small
user_2701,over20,blue_small
user_2702,over20,blue_small
user_2703,over20,blue_small
user_2704,over20,blue_small
user_2705,over20,blue_small
user_2706,over20,blue_small
user_2707,over20,blue_small
user_2708,over20,blue_small
user_2709,over20,blue_small
user_2710,over20,blue_small
user_2711,over20,blue_small
user_2712,over20,blue_small
user_2713,over20,blue_small
user_2714,over20,blue_small
user_2715,over20,blue_small
user_2716,over20,blue_small
user_2717,over20,blue_small
user_2718,over20,blue_small
user_2719,over20,blue_small
user_2720,over20,blue_small
user_2721,over20,blue_small
user_2722,over20,blue_small
user_2723,over20,blue_small
user_2724,over20,blue_small
user_2725,over20,blue_small
user_2726,over20,blue_small
user_2727,over20,blue_small
user_2728,over20,blue_small
user_2729,over20,blue_small
user_2730,over20,blue_small
user_2731,over20,blue_small
user_2732,over20,blue_small
user_2733,over20,blue_small
user_2734,over20,blue_small
user_2735,over20,blue_small
user_2736,over20,blue_small
user_2737,over20,blue_small
user_2738,over20,blue_small
user_2739,over20,blue_small
user_2740,over20,blue_small
user_2741,over20,blue_small
user_2742,over20,blue_small
user_2743,over20,blue_small
user_2744,over20,blue_small
user_2745,over20,blue_small
user_2746,over20,blue_small
user_2747,over20,blue_small
user_2748,over20,blue_small
user_2749,over20,blue_small
user_2750,over20,blue_small
user_2751,over20,blue_small
user_2752,over20,blue_small
user_2753,over20,blue_small
user_2754,over20,blue_small
user_2755,over20,blue_small
user_2756,over20,blue_small
user_2757,over20,blue_small
user_2758,over20,blue_small
user_2759,over20,blue_small
user_2760,over20,blue_small
user_2761,over20,blue_small
user_2762,over20,blue_small
user_2763,over20,blue_small
user_2764,over20,blue_small
user_2765,over20,blue_small
user_2766,over20,blue_small
user_2767,over20,blue_small
user_2768,over20,blue_small
user_2769,over20,blue_small
user_2770,over20,blue_small
user_2771,over20,blue_small
user_2772,over20,blue_small
user_2773,over20,blue_small
user_2774,over20,blue_small
user_2775,over20,blue_small
user_2776,over20,blue_small
user_2777,over20,blue_small
user_2778,over20,blue_small
user_2779,over20,blue_small
user_2780,over20,blue_small
user_2781,over20,blue_small
user_2782,over20,blue_small
user_2783,over20,blue_small
user_2784,over20,blue_small
user_2785,over20,blue_small
user_2786,over20,blue_small
user_2787,over20,blue_small
user_2788,over20,blue_small
user_2789,over20,blue_small
user_2790,over20,blue_small
user_2791,over20,blue_small
user_2792,over20,blue_small
user_2793,over20,blue_small
user_2794,over20,blue_small
user_2795,over20,blue_small
user_2796,over20,blue_small
user_2797,over20,blue_small
user_2798,over20,blue_small
user_2799,over20,blue_small
user_2800,over20,blue_small
user_2801,over20,blue_large
user_2802,over20,blue_large
user_2803,over20,blue_large
user_2804,over20,blue_large
user_2805,over20,blue_large
user_2806,over20,blue_large
user_2807,over20,blue_large
user_2808,over20,blue_large
user_2809,over20,blue_large
user_2810,over20,blue_large
user_2811,over20,blue_large
user_2812,over20,blue_large
user_2813,over20,blue_large
user_2814,over20,blue_large
user_2815,over20,blue_large
user_2816,over20,blue_large
user_2817,over20,blue_large
user_2818,over20,blue_large
user_2819,over20,blue_large
user_2820,over20,blue_large
user_2821,over20,blue_large
user_2822,over20,blue_large
user_2823,over20,blue_large
user_2824,over20,blue_large
user_2825,over20,blue_large
user_2826,over20,blue_large
user_2827,over20,blue_large
user_2828,over20,blue_large
user_2829,over20,blue_large
user_2830,over20,blue_large
user_2831,over20,blue_large
user_2832,over20,blue_large
user_2833,over20,blue_large
user_2834,over20,blue_large
user_2835,over20,blue_large
user_2836,over20,blue_large
user_2837,over20,blue_large
user_2838,over20,blue_large
user_2839,over20,blue_large
user_2840,over20,blue_large
user_2841,over20,blue_large
user_2842,over20,blue_large
user_2843,over20,blue_large
user_2844,over20,blue_large
user_2845,over20,blue_large
user_2846,over20,blue_large
user_2847,over20,blue_large
user_2848,over20,blue_large
user_2849,over20,blue_large
user_2850,over20,blue_large
user_2851,over20,blue_large
user_2852,over20,blue_large
user_2853,over20,blue_large
user_2854,over20,blue_large
user_2855,over20,blue_large
user_2856,over20,blue_large
user_2857,over20,blue_large
user_2858,over20,blue_large
user_2859,over20,blue_large
user_2860,over20,blue_large
user_2861,over20,blue_large
user_2862,over20,blue_large
user_2863,over20,blue_large
user_2864,over20,blue_large
user_2865,over20,blue_large
user_2866,over20,blue_large
user_2867,over20,blue_large
user_2868,over20,blue_large
user_2869,over20,blue_large
user_2870,over20,blue_large
user_2871,over20,blue_large
user_2872,over20,blue_large
user_2873,over20,blue_large
user_2874,over20,blue_large
user_2875,over20,blue_large
user_2876,over20,blue_large
user_2877,over20,blue_large
user_2878,over20,blue_large
user_2879,over20,blue_large
user_2880,over20,blue_large
user_2881,over20,blue_large
user_2882,over20,blue_large
user_2883,over20,blue_large
user_2884,over20,blue_large
user_2885,over20,blue_large
user_2886,over20,blue_large
user_2887,over20,blue_large
user_2888,over20,blue_large
user_2889,over20,blue_large
user_2890,over20,blue_large
user_2891,over20,blue_large
user_2892,over20,blue_large
user_2893,over20,blue_large
user_2894,over20,blue_large
user_2895,over20,blue_large
user_2896,over20,blue_large
user_2897,over20,blue_large
user_2898,over20,blue_large
user_2899,over20,blue_large
user_2900,over20,blue_large
user_2901,over20,blue_large
user_2902,over20,blue_large
user_2903,over20,blue_large
user_2904,over20,blue_large
user_2905,over20,blue_large
user_2906,over20,blue_large
user_2907,over20,blue_large
user_2908,over20,blue_large
user_2909,over20,blue_large
user_2910,over20,blue_large
user_2911,over20,blue_large
user_2912,over20,blue_large
user_2913,over20,blue_large
user_2914,over20,blue_large
user_2915,over20,blue_large
user_2916,over20,blue_large
user_2917,over20,blue_large
user_2918,over20,blue_large
user_2919,over20,blue_large
user_2920,over20,blue_large
user_2921,over20,blue_large
user_2922,over20,blue_large
user_2923,over20,blue_large
user_2924,over20,blue_large
user_2925,over20,blue_large
user_2926,over20,blue_large
user_2927,over20,blue_large
user_2928,over20,blue_large
user_2929,over20,blue_large
user_2930,over20,blue_large
user_2931,over20,blue_large
user_2932,over20,blue_large
user_2933,over20,blue_large
user_2934,over20,blue_large
user_2935,over20,blue_large
user_2936,over20,blue_large
user_2937,over20,blue_large
user_2938,over20,blue_large
user_2939,over20,blue_large
user_2940,over20,blue_large
user_2941,over20,blue_large
user_2942,over20,blue_large
user_2943,over20,blue_large
user_2944,over20,blue_large
user_2945,over20,blue_large
user_2946,over20,blue_large
user_2947,over20,blue_large
user_2948,over20,blue_large
user_2949,over20,blue_large
user_2950,over20,blue_large
user_2951,over20,blue_large
user_2952,over20,blue_large
user_2953,over20,blue_large
user_2954,over20,blue_large
user_2955,over20,blue_large
user_2956,over20,blue_large
user_2957,over20,blue_large
user_2958,over20,blue_large
user_2959,over20,blue_large
user_2960,over20,blue_large
user_2961,over20,blue_large
user_2962,over20,blue_large
user_2963,over20,blue_large
user_2964,over20,blue_large
user_2965,over20,blue_large
user_2966,over20,blue_large
user_2967,over20,blue_large
user_2968,over20,blue_large
user_2969,over20,blue_large
user_2970,over20,blue_large
user_2971,over20,blue_large
user_2972,over20,blue_large
user_2973,over20,blue_large
user_2974,over20,blue_large
user_2975,over20,blue_large
user_2976,over20,blue_large
user_2977,over20,blue_large
user_2978,over20,blue_large
user_2979,over20,blue_large
user_2980,over20,blue_large
user_2981,over20,blue_large
user_2982,over20,blue_large
user_2983,over20,blue_large
user_2984,over20,blue_large
user_2985,over20,blue_large
user_2986,over20,blue_large
user_2987,over20,blue_large
user_2988,over20,blue_large
user_2989,over20,blue_large
user_2990,over20,blue_large
user_2991,over20,blue_large
user_2992,over20,blue_large
user_2993,over20,blue_large
user_2994,over20,blue_large
user_2995,over20,blue_large
user_2996,over20,blue_large
user_2997,over20,blue_large
user_2998,over20,blue_large
user_2999,over20,blue_large
user_3000,over20,blue_large
user_3001,over20,blue_large
user_3002,over20,blue_large
user_3003,over20,blue_large
user_3004,over20,blue_large
user_3005,over20,blue_large
user_3006,over20,blue_large
user_3007,over20,blue_large
user_3008,over20,blue_large
user_3009,over20,blue_large
user_3010,over20,blue_large
user_3011,over20,blue_large
user_3012,over20,blue_large
user_3013,over20,blue_large
user_3014,over20,blue_large
user_3015,over20,blue_large
user_3016,over20,blue_large
user_3017,over20,blue_large
user_3018,over20,blue_large
user_3019,over20,blue_large
user_3020,over20,blue_large
user_3021,over20,blue_large
user_3022,over20,blue_large
user_3023,over20,blue_large
user_3024,over20,blue_large
user_3025,over20,blue_large
user_3026,over20,blue_large
user_3027,over20,blue_large
user_3028,over20,blue_large
user_3029,over20,blue_large
user_3030,over20,blue_large
user_3031,over20,blue_large
user_3032,over20,blue_large
user_3033,over20,blue_large
user_3034,over20,blue_large
user_3035,over20,blue_large
user_3036,over20,blue_large
user_3037,over20,blue_large
user_3038,over20,blue_large
user_3039,over20,blue_large
user_3040,over20,blue_large
user_3041,over20,blue_large
user_3042,over20,blue_large
user_3043,over20,blue_large
user_3044,over20,blue_large
user_3045,over20,blue_large
user_3046,over20,blue_large
user_3047,over20,blue_large
user_3048,over20,blue_large
user_3049,over20,blue_large
user_3050,over20,blue_large
user_3051,over20,blue_large
user_3052,over20,blue_large
user_3053,over20,blue_large
user_3054,over20,blue_large
user_3055,over20,blue_large
user_3056,over20,blue_large
user_3057,over20,blue_large
user_3058,over20,blue_large
user_3059,over20,blue_large
user_3060,over20,blue_large
user_3061,over20,blue_large
user_3062,over20,blue_large
user_3063,over20,blue_large
user_3064,over20,blue_large
user_3065,over20,blue_large
user_3066,over20,blue_large
user_3067,over20,blue_large
user_3068,over20,blue_large
user_3069,over20,blue_large
user_3070,over20,blue_large
user_3071,over20,blue_large
user_3072,over20,blue_large
user_3073,over20,blue_large
user_3074,over20,blue_large
user_3075,over20,blue_large
user_3076,over20,blue_large
user_3077,over20,blue_large
user_3078,over20,blue_large
user_3079,over20,blue_large
user_3080,over20,blue_large
user_3081,over20,blue_large
user_3082,over20,blue_large
user_3083,over20,blue_large
user_3084,over20,blue_large
user_3085,over20,blue_large
user_3086,over20,blue_large
user_3087,over20,blue_large
user_3088,over20,blue_large
user_3089,over20,blue_large
user_3090,over20,blue_large
user_3091,over20,blue_large
user_3092,over20,blue_large
user_3093,over20,blue_large
user_3094,over20,blue_large
user_3095,over20,blue_large
user_3096,over20,blue_large
user_3097,over20,blue_large
user_3098,over20,blue_large
user_3099,over20,blue_large
user_3100,over20,blue_large
user_3101,over20,blue_large
user_3102,over20,blue_large
user_3103,over20,blue_large
user_3104,over20,blue_large
user_3105,over20,blue_large
user_3106,over20,blue_large
user_3107,over20,blue_large
user_3108,over20,blue_large
user_3109,over20,blue_large
user_3110,over20,blue_large
user_3111,over20,blue_large
user_3112,over20,blue_large
user_3113,over20,blue_large
user_3114,over20,blue_large
user_3115,over20,blue_large
user_3116,over20,blue_large
user_3117,over20,blue_large
user_3118,over20,blue_large
user_3119,over20,blue_large
user_3120,over20,blue_large
user_3121,over20,blue_large
user_3122,over20,blue_large
user_3123,over20,blue_large
user_3124,over20,blue_large
user_3125,over20,blue_large
user_3126,over20,blue_large
user_3127,over20,blue_large
user_3128,over20,blue_large
user_3129,over20,blue_large
user_3130,over20,blue_large
user_3131,over20,blue_large
user_3132,over20,blue_large
user_3133,over20,blue_large
user_3134,over20,blue_large
user_3135,over20,blue_large
user_3136,over20,blue_large
user_3137,over20,blue_large
user_3138,over20,blue_large
user_3139,over20,blue_large
user_3140,over20,blue_large
user_3141,over20,blue_large
user_3142,over20,blue_large
user_3143,over20,blue_large
user_3144,over20,blue_large
user_3145,over20,blue_large
user_3146,over20,blue_large
user_3147,over20,blue_large
user_3148,over20,blue_large
user_3149,over20,blue_large
user_3150,over20,blue_large
user_3151,over20,blue_large
user_3152,over20,blue_large
user_3153,over20,blue_large
user_3154,over20,blue_large
user_3155,over20,blue_large
user_3156,over20,blue_large
user_3157,over20,blue_large
user_3158,over20,blue_large
user_3159,over20,blue_large
user_3160,over20,blue_large
user_3161,over20,blue_large
user_3162,over20,blue_large
user_3163,over20,blue_large
user_3164,over20,blue_large
user_3165,over20,blue_large
user_3166,over20,blue_large
user_3167,over20,blue_large
user_3168,over20,blue_large
user_3169,over20,blue_large
user_3170,over20,blue_large
user_3171,over20,blue_large
user_3172,over20,blue_large
user_3173,over20,blue_large
user_3174,over20,blue_large
user_3175,over20,blue_large
user_3176,over20,blue_large
user_3177,over20,blue_large
user_3178,over20,blue_large
user_3179,over20,blue_large
user_3180,over20,blue_large
user_3181,over20,blue_large
user_3182,over20,blue_large
user_3183,over20,blue_large
user_3184,over20,blue_large
user_3185,over20,blue_large
user_3186,over20,blue_large
user_3187,over20,blue_large
user_3188,over20,blue_large
user_3189,over20,blue_large
user_3190,over20,blue_large
user_3191,over20,blue_large
user_3192,over20,blue_large
user_3193,over20,blue_large
user_3194,over20,blue_large
user_3195,over20,blue_large
user_3196,over20,blue_large
user_3197,over20,blue_large
user_3198,over20,blue_large
user_3199,over20,blue_large
user_3200,over20,blue_large
